grid_id,grid_x,grid_y,center_x_m,center_y_m
4692_9763,4692,9763,938500.0,1952700.0
4693_9762,4693,9762,938700.0,1952500.0
4693_9763,4693,9763,938700.0,1952700.0
4695_9764,4695,9764,939100.0,1952900.0
4696_9761,4696,9761,939300.0,1952300.0
4696_9764,4696,9764,939300.0,1952900.0
4696_9765,4696,9765,939300.0,1953100.0
4696_9767,4696,9767,939300.0,1953500.0
4698_9752,4698,9752,939700.0,1950500.0
4698_9753,4698,9753,939700.0,1950700.0
4698_9754,4698,9754,939700.0,1950900.0
4699_9749,4699,9749,939900.0,1949900.0
4699_9754,4699,9754,939900.0,1950900.0
4699_9764,4699,9764,939900.0,1952900.0
4700_9751,4700,9751,940100.0,1950300.0
4700_9752,4700,9752,940100.0,1950500.0
4700_9763,4700,9763,940100.0,1952700.0
4701_9713,4701,9713,940300.0,1942700.0
4701_9744,4701,9744,940300.0,1948900.0
4701_9745,4701,9745,940300.0,1949100.0
4701_9746,4701,9746,940300.0,1949300.0
4701_9750,4701,9750,940300.0,1950100.0
4701_9752,4701,9752,940300.0,1950500.0
4702_9744,4702,9744,940500.0,1948900.0
4702_9745,4702,9745,940500.0,1949100.0
4702_9761,4702,9761,940500.0,1952300.0
4702_9762,4702,9762,940500.0,1952500.0
4703_9742,4703,9742,940700.0,1948500.0
4703_9743,4703,9743,940700.0,1948700.0
4703_9744,4703,9744,940700.0,1948900.0
4703_9745,4703,9745,940700.0,1949100.0
4703_9757,4703,9757,940700.0,1951500.0
4703_9758,4703,9758,940700.0,1951700.0
4703_9760,4703,9760,940700.0,1952100.0
4703_9762,4703,9762,940700.0,1952500.0
4703_9764,4703,9764,940700.0,1952900.0
4704_9730,4704,9730,940900.0,1946100.0
4704_9742,4704,9742,940900.0,1948500.0
4704_9743,4704,9743,940900.0,1948700.0
4704_9753,4704,9753,940900.0,1950700.0
4704_9756,4704,9756,940900.0,1951300.0
4704_9757,4704,9757,940900.0,1951500.0
4704_9759,4704,9759,940900.0,1951900.0
4704_9762,4704,9762,940900.0,1952500.0
4705_9717,4705,9717,941100.0,1943500.0
4705_9745,4705,9745,941100.0,1949100.0
4705_9751,4705,9751,941100.0,1950300.0
4705_9757,4705,9757,941100.0,1951500.0
4705_9758,4705,9758,941100.0,1951700.0
4705_9759,4705,9759,941100.0,1951900.0
4706_9743,4706,9743,941300.0,1948700.0
4706_9745,4706,9745,941300.0,1949100.0
4706_9751,4706,9751,941300.0,1950300.0
4706_9752,4706,9752,941300.0,1950500.0
4706_9753,4706,9753,941300.0,1950700.0
4706_9756,4706,9756,941300.0,1951300.0
4706_9757,4706,9757,941300.0,1951500.0
4706_9758,4706,9758,941300.0,1951700.0
4706_9759,4706,9759,941300.0,1951900.0
4706_9760,4706,9760,941300.0,1952100.0
4707_9741,4707,9741,941500.0,1948300.0
4707_9751,4707,9751,941500.0,1950300.0
4707_9752,4707,9752,941500.0,1950500.0
4707_9754,4707,9754,941500.0,1950900.0
4707_9757,4707,9757,941500.0,1951500.0
4707_9758,4707,9758,941500.0,1951700.0
4707_9759,4707,9759,941500.0,1951900.0
4707_9760,4707,9760,941500.0,1952100.0
4707_9761,4707,9761,941500.0,1952300.0
4707_9763,4707,9763,941500.0,1952700.0
4708_9717,4708,9717,941700.0,1943500.0
4708_9718,4708,9718,941700.0,1943700.0
4708_9741,4708,9741,941700.0,1948300.0
4708_9748,4708,9748,941700.0,1949700.0
4708_9753,4708,9753,941700.0,1950700.0
4708_9754,4708,9754,941700.0,1950900.0
4708_9756,4708,9756,941700.0,1951300.0
4708_9757,4708,9757,941700.0,1951500.0
4708_9758,4708,9758,941700.0,1951700.0
4708_9759,4708,9759,941700.0,1951900.0
4708_9760,4708,9760,941700.0,1952100.0
4708_9762,4708,9762,941700.0,1952500.0
4708_9763,4708,9763,941700.0,1952700.0
4709_9722,4709,9722,941900.0,1944500.0
4709_9739,4709,9739,941900.0,1947900.0
4709_9750,4709,9750,941900.0,1950100.0
4709_9752,4709,9752,941900.0,1950500.0
4709_9753,4709,9753,941900.0,1950700.0
4709_9754,4709,9754,941900.0,1950900.0
4709_9756,4709,9756,941900.0,1951300.0
4709_9758,4709,9758,941900.0,1951700.0
4709_9759,4709,9759,941900.0,1951900.0
4709_9760,4709,9760,941900.0,1952100.0
4709_9761,4709,9761,941900.0,1952300.0
4709_9762,4709,9762,941900.0,1952500.0
4710_9713,4710,9713,942100.0,1942700.0
4710_9739,4710,9739,942100.0,1947900.0
4710_9740,4710,9740,942100.0,1948100.0
4710_9741,4710,9741,942100.0,1948300.0
4710_9742,4710,9742,942100.0,1948500.0
4710_9745,4710,9745,942100.0,1949100.0
4710_9746,4710,9746,942100.0,1949300.0
4710_9747,4710,9747,942100.0,1949500.0
4710_9749,4710,9749,942100.0,1949900.0
4710_9751,4710,9751,942100.0,1950300.0
4710_9756,4710,9756,942100.0,1951300.0
4710_9757,4710,9757,942100.0,1951500.0
4710_9758,4710,9758,942100.0,1951700.0
4710_9759,4710,9759,942100.0,1951900.0
4710_9760,4710,9760,942100.0,1952100.0
4710_9762,4710,9762,942100.0,1952500.0
4710_9763,4710,9763,942100.0,1952700.0
4711_9742,4711,9742,942300.0,1948500.0
4711_9743,4711,9743,942300.0,1948700.0
4711_9744,4711,9744,942300.0,1948900.0
4711_9745,4711,9745,942300.0,1949100.0
4711_9746,4711,9746,942300.0,1949300.0
4711_9747,4711,9747,942300.0,1949500.0
4711_9750,4711,9750,942300.0,1950100.0
4711_9753,4711,9753,942300.0,1950700.0
4711_9755,4711,9755,942300.0,1951100.0
4711_9756,4711,9756,942300.0,1951300.0
4711_9758,4711,9758,942300.0,1951700.0
4711_9759,4711,9759,942300.0,1951900.0
4711_9760,4711,9760,942300.0,1952100.0
4711_9762,4711,9762,942300.0,1952500.0
4712_9738,4712,9738,942500.0,1947700.0
4712_9739,4712,9739,942500.0,1947900.0
4712_9746,4712,9746,942500.0,1949300.0
4712_9749,4712,9749,942500.0,1949900.0
4712_9750,4712,9750,942500.0,1950100.0
4712_9755,4712,9755,942500.0,1951100.0
4712_9756,4712,9756,942500.0,1951300.0
4712_9757,4712,9757,942500.0,1951500.0
4712_9758,4712,9758,942500.0,1951700.0
4712_9760,4712,9760,942500.0,1952100.0
4712_9761,4712,9761,942500.0,1952300.0
4712_9762,4712,9762,942500.0,1952500.0
4713_9741,4713,9741,942700.0,1948300.0
4713_9744,4713,9744,942700.0,1948900.0
4713_9745,4713,9745,942700.0,1949100.0
4713_9751,4713,9751,942700.0,1950300.0
4713_9752,4713,9752,942700.0,1950500.0
4713_9753,4713,9753,942700.0,1950700.0
4713_9754,4713,9754,942700.0,1950900.0
4713_9755,4713,9755,942700.0,1951100.0
4713_9756,4713,9756,942700.0,1951300.0
4713_9757,4713,9757,942700.0,1951500.0
4713_9758,4713,9758,942700.0,1951700.0
4713_9761,4713,9761,942700.0,1952300.0
4714_9744,4714,9744,942900.0,1948900.0
4714_9752,4714,9752,942900.0,1950500.0
4714_9753,4714,9753,942900.0,1950700.0
4714_9755,4714,9755,942900.0,1951100.0
4714_9756,4714,9756,942900.0,1951300.0
4714_9758,4714,9758,942900.0,1951700.0
4714_9759,4714,9759,942900.0,1951900.0
4714_9760,4714,9760,942900.0,1952100.0
4715_9742,4715,9742,943100.0,1948500.0
4715_9743,4715,9743,943100.0,1948700.0
4715_9744,4715,9744,943100.0,1948900.0
4715_9752,4715,9752,943100.0,1950500.0
4715_9754,4715,9754,943100.0,1950900.0
4715_9755,4715,9755,943100.0,1951100.0
4716_9744,4716,9744,943300.0,1948900.0
4716_9754,4716,9754,943300.0,1950900.0
4716_9755,4716,9755,943300.0,1951100.0
4716_9756,4716,9756,943300.0,1951300.0
4716_9757,4716,9757,943300.0,1951500.0
4716_9758,4716,9758,943300.0,1951700.0
4717_9727,4717,9727,943500.0,1945500.0
4717_9739,4717,9739,943500.0,1947900.0
4717_9753,4717,9753,943500.0,1950700.0
4717_9754,4717,9754,943500.0,1950900.0
4717_9755,4717,9755,943500.0,1951100.0
4717_9757,4717,9757,943500.0,1951500.0
4718_9739,4718,9739,943700.0,1947900.0
4718_9741,4718,9741,943700.0,1948300.0
4718_9743,4718,9743,943700.0,1948700.0
4718_9744,4718,9744,943700.0,1948900.0
4718_9753,4718,9753,943700.0,1950700.0
4718_9754,4718,9754,943700.0,1950900.0
4718_9755,4718,9755,943700.0,1951100.0
4718_9756,4718,9756,943700.0,1951300.0
4718_9757,4718,9757,943700.0,1951500.0
4719_9735,4719,9735,943900.0,1947100.0
4719_9741,4719,9741,943900.0,1948300.0
4719_9742,4719,9742,943900.0,1948500.0
4719_9744,4719,9744,943900.0,1948900.0
4719_9745,4719,9745,943900.0,1949100.0
4719_9746,4719,9746,943900.0,1949300.0
4719_9752,4719,9752,943900.0,1950500.0
4719_9753,4719,9753,943900.0,1950700.0
4719_9754,4719,9754,943900.0,1950900.0
4719_9755,4719,9755,943900.0,1951100.0
4719_9756,4719,9756,943900.0,1951300.0
4719_9757,4719,9757,943900.0,1951500.0
4720_9723,4720,9723,944100.0,1944700.0
4720_9741,4720,9741,944100.0,1948300.0
4720_9742,4720,9742,944100.0,1948500.0
4720_9745,4720,9745,944100.0,1949100.0
4720_9752,4720,9752,944100.0,1950500.0
4720_9753,4720,9753,944100.0,1950700.0
4720_9755,4720,9755,944100.0,1951100.0
4721_9732,4721,9732,944300.0,1946500.0
4721_9734,4721,9734,944300.0,1946900.0
4721_9735,4721,9735,944300.0,1947100.0
4721_9736,4721,9736,944300.0,1947300.0
4721_9737,4721,9737,944300.0,1947500.0
4721_9738,4721,9738,944300.0,1947700.0
4721_9739,4721,9739,944300.0,1947900.0
4721_9741,4721,9741,944300.0,1948300.0
4721_9742,4721,9742,944300.0,1948500.0
4721_9743,4721,9743,944300.0,1948700.0
4721_9751,4721,9751,944300.0,1950300.0
4721_9754,4721,9754,944300.0,1950900.0
4721_9755,4721,9755,944300.0,1951100.0
4722_9738,4722,9738,944500.0,1947700.0
4722_9740,4722,9740,944500.0,1948100.0
4722_9741,4722,9741,944500.0,1948300.0
4722_9744,4722,9744,944500.0,1948900.0
4722_9751,4722,9751,944500.0,1950300.0
4722_9752,4722,9752,944500.0,1950500.0
4722_9753,4722,9753,944500.0,1950700.0
4723_9731,4723,9731,944700.0,1946300.0
4723_9737,4723,9737,944700.0,1947500.0
4723_9739,4723,9739,944700.0,1947900.0
4723_9740,4723,9740,944700.0,1948100.0
4723_9741,4723,9741,944700.0,1948300.0
4723_9742,4723,9742,944700.0,1948500.0
4723_9743,4723,9743,944700.0,1948700.0
4723_9745,4723,9745,944700.0,1949100.0
4723_9751,4723,9751,944700.0,1950300.0
4723_9752,4723,9752,944700.0,1950500.0
4724_9717,4724,9717,944900.0,1943500.0
4724_9722,4724,9722,944900.0,1944500.0
4724_9724,4724,9724,944900.0,1944900.0
4724_9727,4724,9727,944900.0,1945500.0
4724_9736,4724,9736,944900.0,1947300.0
4724_9737,4724,9737,944900.0,1947500.0
4724_9739,4724,9739,944900.0,1947900.0
4724_9740,4724,9740,944900.0,1948100.0
4724_9741,4724,9741,944900.0,1948300.0
4724_9742,4724,9742,944900.0,1948500.0
4724_9745,4724,9745,944900.0,1949100.0
4724_9750,4724,9750,944900.0,1950100.0
4724_9751,4724,9751,944900.0,1950300.0
4725_9724,4725,9724,945100.0,1944900.0
4725_9726,4725,9726,945100.0,1945300.0
4725_9738,4725,9738,945100.0,1947700.0
4725_9739,4725,9739,945100.0,1947900.0
4725_9740,4725,9740,945100.0,1948100.0
4725_9743,4725,9743,945100.0,1948700.0
4725_9744,4725,9744,945100.0,1948900.0
4725_9745,4725,9745,945100.0,1949100.0
4726_9709,4726,9709,945300.0,1941900.0
4726_9718,4726,9718,945300.0,1943700.0
4726_9729,4726,9729,945300.0,1945900.0
4726_9730,4726,9730,945300.0,1946100.0
4726_9744,4726,9744,945300.0,1948900.0
4726_9745,4726,9745,945300.0,1949100.0
4726_9766,4726,9766,945300.0,1953300.0
4726_9767,4726,9767,945300.0,1953500.0
4726_9768,4726,9768,945300.0,1953700.0
4727_9706,4727,9706,945500.0,1941300.0
4727_9712,4727,9712,945500.0,1942500.0
4727_9715,4727,9715,945500.0,1943100.0
4727_9718,4727,9718,945500.0,1943700.0
4727_9719,4727,9719,945500.0,1943900.0
4727_9721,4727,9721,945500.0,1944300.0
4727_9722,4727,9722,945500.0,1944500.0
4727_9723,4727,9723,945500.0,1944700.0
4727_9724,4727,9724,945500.0,1944900.0
4727_9726,4727,9726,945500.0,1945300.0
4727_9729,4727,9729,945500.0,1945900.0
4727_9731,4727,9731,945500.0,1946300.0
4727_9733,4727,9733,945500.0,1946700.0
4727_9734,4727,9734,945500.0,1946900.0
4727_9736,4727,9736,945500.0,1947300.0
4727_9744,4727,9744,945500.0,1948900.0
4727_9745,4727,9745,945500.0,1949100.0
4727_9746,4727,9746,945500.0,1949300.0
4727_9766,4727,9766,945500.0,1953300.0
4728_9709,4728,9709,945700.0,1941900.0
4728_9710,4728,9710,945700.0,1942100.0
4728_9711,4728,9711,945700.0,1942300.0
4728_9719,4728,9719,945700.0,1943900.0
4728_9723,4728,9723,945700.0,1944700.0
4728_9725,4728,9725,945700.0,1945100.0
4728_9729,4728,9729,945700.0,1945900.0
4728_9732,4728,9732,945700.0,1946500.0
4728_9733,4728,9733,945700.0,1946700.0
4728_9734,4728,9734,945700.0,1946900.0
4728_9735,4728,9735,945700.0,1947100.0
4728_9736,4728,9736,945700.0,1947300.0
4728_9737,4728,9737,945700.0,1947500.0
4728_9744,4728,9744,945700.0,1948900.0
4728_9767,4728,9767,945700.0,1953500.0
4728_9768,4728,9768,945700.0,1953700.0
4728_9769,4728,9769,945700.0,1953900.0
4729_9704,4729,9704,945900.0,1940900.0
4729_9705,4729,9705,945900.0,1941100.0
4729_9709,4729,9709,945900.0,1941900.0
4729_9715,4729,9715,945900.0,1943100.0
4729_9716,4729,9716,945900.0,1943300.0
4729_9717,4729,9717,945900.0,1943500.0
4729_9720,4729,9720,945900.0,1944100.0
4729_9721,4729,9721,945900.0,1944300.0
4729_9724,4729,9724,945900.0,1944900.0
4729_9726,4729,9726,945900.0,1945300.0
4729_9732,4729,9732,945900.0,1946500.0
4729_9733,4729,9733,945900.0,1946700.0
4729_9734,4729,9734,945900.0,1946900.0
4729_9735,4729,9735,945900.0,1947100.0
4729_9737,4729,9737,945900.0,1947500.0
4729_9766,4729,9766,945900.0,1953300.0
4729_9767,4729,9767,945900.0,1953500.0
4730_9703,4730,9703,946100.0,1940700.0
4730_9704,4730,9704,946100.0,1940900.0
4730_9705,4730,9705,946100.0,1941100.0
4730_9709,4730,9709,946100.0,1941900.0
4730_9711,4730,9711,946100.0,1942300.0
4730_9714,4730,9714,946100.0,1942900.0
4730_9717,4730,9717,946100.0,1943500.0
4730_9720,4730,9720,946100.0,1944100.0
4730_9721,4730,9721,946100.0,1944300.0
4730_9722,4730,9722,946100.0,1944500.0
4730_9725,4730,9725,946100.0,1945100.0
4730_9730,4730,9730,946100.0,1946100.0
4730_9732,4730,9732,946100.0,1946500.0
4730_9735,4730,9735,946100.0,1947100.0
4730_9736,4730,9736,946100.0,1947300.0
4730_9763,4730,9763,946100.0,1952700.0
4730_9765,4730,9765,946100.0,1953100.0
4731_9702,4731,9702,946300.0,1940500.0
4731_9703,4731,9703,946300.0,1940700.0
4731_9704,4731,9704,946300.0,1940900.0
4731_9708,4731,9708,946300.0,1941700.0
4731_9710,4731,9710,946300.0,1942100.0
4731_9712,4731,9712,946300.0,1942500.0
4731_9713,4731,9713,946300.0,1942700.0
4731_9714,4731,9714,946300.0,1942900.0
4731_9715,4731,9715,946300.0,1943100.0
4731_9720,4731,9720,946300.0,1944100.0
4731_9722,4731,9722,946300.0,1944500.0
4731_9725,4731,9725,946300.0,1945100.0
4731_9728,4731,9728,946300.0,1945700.0
4731_9731,4731,9731,946300.0,1946300.0
4731_9733,4731,9733,946300.0,1946700.0
4731_9743,4731,9743,946300.0,1948700.0
4731_9766,4731,9766,946300.0,1953300.0
4731_9768,4731,9768,946300.0,1953700.0
4732_9698,4732,9698,946500.0,1939700.0
4732_9699,4732,9699,946500.0,1939900.0
4732_9700,4732,9700,946500.0,1940100.0
4732_9706,4732,9706,946500.0,1941300.0
4732_9707,4732,9707,946500.0,1941500.0
4732_9713,4732,9713,946500.0,1942700.0
4732_9714,4732,9714,946500.0,1942900.0
4732_9715,4732,9715,946500.0,1943100.0
4732_9716,4732,9716,946500.0,1943300.0
4732_9722,4732,9722,946500.0,1944500.0
4732_9723,4732,9723,946500.0,1944700.0
4732_9725,4732,9725,946500.0,1945100.0
4732_9726,4732,9726,946500.0,1945300.0
4732_9727,4732,9727,946500.0,1945500.0
4732_9728,4732,9728,946500.0,1945700.0
4732_9730,4732,9730,946500.0,1946100.0
4732_9731,4732,9731,946500.0,1946300.0
4732_9733,4732,9733,946500.0,1946700.0
4732_9734,4732,9734,946500.0,1946900.0
4732_9737,4732,9737,946500.0,1947500.0
4732_9739,4732,9739,946500.0,1947900.0
4732_9740,4732,9740,946500.0,1948100.0
4732_9744,4732,9744,946500.0,1948900.0
4732_9745,4732,9745,946500.0,1949100.0
4732_9766,4732,9766,946500.0,1953300.0
4732_9767,4732,9767,946500.0,1953500.0
4732_9770,4732,9770,946500.0,1954100.0
4733_9703,4733,9703,946700.0,1940700.0
4733_9710,4733,9710,946700.0,1942100.0
4733_9713,4733,9713,946700.0,1942700.0
4733_9714,4733,9714,946700.0,1942900.0
4733_9715,4733,9715,946700.0,1943100.0
4733_9720,4733,9720,946700.0,1944100.0
4733_9722,4733,9722,946700.0,1944500.0
4733_9724,4733,9724,946700.0,1944900.0
4733_9725,4733,9725,946700.0,1945100.0
4733_9726,4733,9726,946700.0,1945300.0
4733_9727,4733,9727,946700.0,1945500.0
4733_9728,4733,9728,946700.0,1945700.0
4733_9730,4733,9730,946700.0,1946100.0
4733_9731,4733,9731,946700.0,1946300.0
4733_9735,4733,9735,946700.0,1947100.0
4733_9740,4733,9740,946700.0,1948100.0
4733_9741,4733,9741,946700.0,1948300.0
4733_9755,4733,9755,946700.0,1951100.0
4734_9696,4734,9696,946900.0,1939300.0
4734_9704,4734,9704,946900.0,1940900.0
4734_9714,4734,9714,946900.0,1942900.0
4734_9716,4734,9716,946900.0,1943300.0
4734_9717,4734,9717,946900.0,1943500.0
4734_9720,4734,9720,946900.0,1944100.0
4734_9721,4734,9721,946900.0,1944300.0
4734_9729,4734,9729,946900.0,1945900.0
4734_9732,4734,9732,946900.0,1946500.0
4734_9736,4734,9736,946900.0,1947300.0
4734_9754,4734,9754,946900.0,1950900.0
4734_9755,4734,9755,946900.0,1951100.0
4734_9756,4734,9756,946900.0,1951300.0
4734_9765,4734,9765,946900.0,1953100.0
4735_9693,4735,9693,947100.0,1938700.0
4735_9694,4735,9694,947100.0,1938900.0
4735_9696,4735,9696,947100.0,1939300.0
4735_9704,4735,9704,947100.0,1940900.0
4735_9711,4735,9711,947100.0,1942300.0
4735_9721,4735,9721,947100.0,1944300.0
4735_9722,4735,9722,947100.0,1944500.0
4735_9727,4735,9727,947100.0,1945500.0
4735_9728,4735,9728,947100.0,1945700.0
4735_9729,4735,9729,947100.0,1945900.0
4735_9741,4735,9741,947100.0,1948300.0
4735_9753,4735,9753,947100.0,1950700.0
4735_9754,4735,9754,947100.0,1950900.0
4735_9755,4735,9755,947100.0,1951100.0
4736_9693,4736,9693,947300.0,1938700.0
4736_9694,4736,9694,947300.0,1938900.0
4736_9695,4736,9695,947300.0,1939100.0
4736_9708,4736,9708,947300.0,1941700.0
4736_9712,4736,9712,947300.0,1942500.0
4736_9713,4736,9713,947300.0,1942700.0
4736_9714,4736,9714,947300.0,1942900.0
4736_9715,4736,9715,947300.0,1943100.0
4736_9717,4736,9717,947300.0,1943500.0
4736_9719,4736,9719,947300.0,1943900.0
4736_9723,4736,9723,947300.0,1944700.0
4736_9724,4736,9724,947300.0,1944900.0
4736_9729,4736,9729,947300.0,1945900.0
4736_9737,4736,9737,947300.0,1947500.0
4736_9738,4736,9738,947300.0,1947700.0
4736_9752,4736,9752,947300.0,1950500.0
4736_9755,4736,9755,947300.0,1951100.0
4736_9757,4736,9757,947300.0,1951500.0
4736_9758,4736,9758,947300.0,1951700.0
4736_9759,4736,9759,947300.0,1951900.0
4737_9694,4737,9694,947500.0,1938900.0
4737_9706,4737,9706,947500.0,1941300.0
4737_9708,4737,9708,947500.0,1941700.0
4737_9710,4737,9710,947500.0,1942100.0
4737_9715,4737,9715,947500.0,1943100.0
4737_9716,4737,9716,947500.0,1943300.0
4737_9717,4737,9717,947500.0,1943500.0
4737_9720,4737,9720,947500.0,1944100.0
4737_9721,4737,9721,947500.0,1944300.0
4737_9725,4737,9725,947500.0,1945100.0
4737_9727,4737,9727,947500.0,1945500.0
4737_9734,4737,9734,947500.0,1946900.0
4737_9739,4737,9739,947500.0,1947900.0
4737_9751,4737,9751,947500.0,1950300.0
4737_9752,4737,9752,947500.0,1950500.0
4737_9755,4737,9755,947500.0,1951100.0
4737_9757,4737,9757,947500.0,1951500.0
4737_9758,4737,9758,947500.0,1951700.0
4737_9759,4737,9759,947500.0,1951900.0
4737_9764,4737,9764,947500.0,1952900.0
4737_9770,4737,9770,947500.0,1954100.0
4737_9773,4737,9773,947500.0,1954700.0
4737_9774,4737,9774,947500.0,1954900.0
4738_9698,4738,9698,947700.0,1939700.0
4738_9700,4738,9700,947700.0,1940100.0
4738_9705,4738,9705,947700.0,1941100.0
4738_9712,4738,9712,947700.0,1942500.0
4738_9713,4738,9713,947700.0,1942700.0
4738_9714,4738,9714,947700.0,1942900.0
4738_9715,4738,9715,947700.0,1943100.0
4738_9716,4738,9716,947700.0,1943300.0
4738_9719,4738,9719,947700.0,1943900.0
4738_9720,4738,9720,947700.0,1944100.0
4738_9726,4738,9726,947700.0,1945300.0
4738_9733,4738,9733,947700.0,1946700.0
4738_9738,4738,9738,947700.0,1947700.0
4738_9750,4738,9750,947700.0,1950100.0
4738_9751,4738,9751,947700.0,1950300.0
4738_9752,4738,9752,947700.0,1950500.0
4738_9753,4738,9753,947700.0,1950700.0
4738_9754,4738,9754,947700.0,1950900.0
4738_9755,4738,9755,947700.0,1951100.0
4738_9765,4738,9765,947700.0,1953100.0
4738_9767,4738,9767,947700.0,1953500.0
4738_9770,4738,9770,947700.0,1954100.0
4738_9774,4738,9774,947700.0,1954900.0
4738_9776,4738,9776,947700.0,1955300.0
4738_9783,4738,9783,947700.0,1956700.0
4739_9712,4739,9712,947900.0,1942500.0
4739_9713,4739,9713,947900.0,1942700.0
4739_9714,4739,9714,947900.0,1942900.0
4739_9716,4739,9716,947900.0,1943300.0
4739_9750,4739,9750,947900.0,1950100.0
4739_9751,4739,9751,947900.0,1950300.0
4739_9753,4739,9753,947900.0,1950700.0
4739_9754,4739,9754,947900.0,1950900.0
4739_9755,4739,9755,947900.0,1951100.0
4739_9764,4739,9764,947900.0,1952900.0
4739_9773,4739,9773,947900.0,1954700.0
4739_9776,4739,9776,947900.0,1955300.0
4739_9778,4739,9778,947900.0,1955700.0
4739_9779,4739,9779,947900.0,1955900.0
4739_9781,4739,9781,947900.0,1956300.0
4739_9783,4739,9783,947900.0,1956700.0
4739_9785,4739,9785,947900.0,1957100.0
4739_9787,4739,9787,947900.0,1957500.0
4740_9710,4740,9710,948100.0,1942100.0
4740_9713,4740,9713,948100.0,1942700.0
4740_9715,4740,9715,948100.0,1943100.0
4740_9716,4740,9716,948100.0,1943300.0
4740_9723,4740,9723,948100.0,1944700.0
4740_9749,4740,9749,948100.0,1949900.0
4740_9750,4740,9750,948100.0,1950100.0
4740_9751,4740,9751,948100.0,1950300.0
4740_9752,4740,9752,948100.0,1950500.0
4740_9753,4740,9753,948100.0,1950700.0
4740_9755,4740,9755,948100.0,1951100.0
4740_9758,4740,9758,948100.0,1951700.0
4740_9762,4740,9762,948100.0,1952500.0
4740_9763,4740,9763,948100.0,1952700.0
4740_9764,4740,9764,948100.0,1952900.0
4740_9767,4740,9767,948100.0,1953500.0
4740_9768,4740,9768,948100.0,1953700.0
4740_9769,4740,9769,948100.0,1953900.0
4740_9770,4740,9770,948100.0,1954100.0
4740_9772,4740,9772,948100.0,1954500.0
4740_9773,4740,9773,948100.0,1954700.0
4740_9777,4740,9777,948100.0,1955500.0
4740_9783,4740,9783,948100.0,1956700.0
4740_9784,4740,9784,948100.0,1956900.0
4740_9785,4740,9785,948100.0,1957100.0
4740_9786,4740,9786,948100.0,1957300.0
4740_9787,4740,9787,948100.0,1957500.0
4741_9713,4741,9713,948300.0,1942700.0
4741_9714,4741,9714,948300.0,1942900.0
4741_9715,4741,9715,948300.0,1943100.0
4741_9722,4741,9722,948300.0,1944500.0
4741_9729,4741,9729,948300.0,1945900.0
4741_9731,4741,9731,948300.0,1946300.0
4741_9750,4741,9750,948300.0,1950100.0
4741_9752,4741,9752,948300.0,1950500.0
4741_9753,4741,9753,948300.0,1950700.0
4741_9761,4741,9761,948300.0,1952300.0
4741_9764,4741,9764,948300.0,1952900.0
4741_9767,4741,9767,948300.0,1953500.0
4741_9773,4741,9773,948300.0,1954700.0
4741_9774,4741,9774,948300.0,1954900.0
4741_9775,4741,9775,948300.0,1955100.0
4741_9776,4741,9776,948300.0,1955300.0
4741_9778,4741,9778,948300.0,1955700.0
4741_9779,4741,9779,948300.0,1955900.0
4741_9781,4741,9781,948300.0,1956300.0
4741_9782,4741,9782,948300.0,1956500.0
4741_9786,4741,9786,948300.0,1957300.0
4741_9787,4741,9787,948300.0,1957500.0
4741_9788,4741,9788,948300.0,1957700.0
4741_9790,4741,9790,948300.0,1958100.0
4742_9708,4742,9708,948500.0,1941700.0
4742_9713,4742,9713,948500.0,1942700.0
4742_9715,4742,9715,948500.0,1943100.0
4742_9716,4742,9716,948500.0,1943300.0
4742_9717,4742,9717,948500.0,1943500.0
4742_9719,4742,9719,948500.0,1943900.0
4742_9722,4742,9722,948500.0,1944500.0
4742_9730,4742,9730,948500.0,1946100.0
4742_9749,4742,9749,948500.0,1949900.0
4742_9750,4742,9750,948500.0,1950100.0
4742_9753,4742,9753,948500.0,1950700.0
4742_9754,4742,9754,948500.0,1950900.0
4742_9755,4742,9755,948500.0,1951100.0
4742_9762,4742,9762,948500.0,1952500.0
4742_9765,4742,9765,948500.0,1953100.0
4742_9767,4742,9767,948500.0,1953500.0
4742_9773,4742,9773,948500.0,1954700.0
4742_9775,4742,9775,948500.0,1955100.0
4742_9777,4742,9777,948500.0,1955500.0
4742_9778,4742,9778,948500.0,1955700.0
4742_9779,4742,9779,948500.0,1955900.0
4742_9783,4742,9783,948500.0,1956700.0
4742_9784,4742,9784,948500.0,1956900.0
4742_9785,4742,9785,948500.0,1957100.0
4742_9789,4742,9789,948500.0,1957900.0
4742_9790,4742,9790,948500.0,1958100.0
4742_9791,4742,9791,948500.0,1958300.0
4742_9801,4742,9801,948500.0,1960300.0
4742_9802,4742,9802,948500.0,1960500.0
4743_9705,4743,9705,948700.0,1941100.0
4743_9707,4743,9707,948700.0,1941500.0
4743_9708,4743,9708,948700.0,1941700.0
4743_9713,4743,9713,948700.0,1942700.0
4743_9714,4743,9714,948700.0,1942900.0
4743_9717,4743,9717,948700.0,1943500.0
4743_9719,4743,9719,948700.0,1943900.0
4743_9722,4743,9722,948700.0,1944500.0
4743_9723,4743,9723,948700.0,1944700.0
4743_9748,4743,9748,948700.0,1949700.0
4743_9749,4743,9749,948700.0,1949900.0
4743_9750,4743,9750,948700.0,1950100.0
4743_9751,4743,9751,948700.0,1950300.0
4743_9752,4743,9752,948700.0,1950500.0
4743_9761,4743,9761,948700.0,1952300.0
4743_9762,4743,9762,948700.0,1952500.0
4743_9764,4743,9764,948700.0,1952900.0
4743_9765,4743,9765,948700.0,1953100.0
4743_9766,4743,9766,948700.0,1953300.0
4743_9768,4743,9768,948700.0,1953700.0
4743_9772,4743,9772,948700.0,1954500.0
4743_9774,4743,9774,948700.0,1954900.0
4743_9775,4743,9775,948700.0,1955100.0
4743_9776,4743,9776,948700.0,1955300.0
4743_9777,4743,9777,948700.0,1955500.0
4743_9778,4743,9778,948700.0,1955700.0
4743_9782,4743,9782,948700.0,1956500.0
4743_9783,4743,9783,948700.0,1956700.0
4743_9784,4743,9784,948700.0,1956900.0
4743_9785,4743,9785,948700.0,1957100.0
4743_9786,4743,9786,948700.0,1957300.0
4743_9787,4743,9787,948700.0,1957500.0
4743_9792,4743,9792,948700.0,1958500.0
4743_9793,4743,9793,948700.0,1958700.0
4743_9798,4743,9798,948700.0,1959700.0
4743_9799,4743,9799,948700.0,1959900.0
4743_9800,4743,9800,948700.0,1960100.0
4744_9714,4744,9714,948900.0,1942900.0
4744_9715,4744,9715,948900.0,1943100.0
4744_9716,4744,9716,948900.0,1943300.0
4744_9719,4744,9719,948900.0,1943900.0
4744_9722,4744,9722,948900.0,1944500.0
4744_9723,4744,9723,948900.0,1944700.0
4744_9748,4744,9748,948900.0,1949700.0
4744_9750,4744,9750,948900.0,1950100.0
4744_9751,4744,9751,948900.0,1950300.0
4744_9752,4744,9752,948900.0,1950500.0
4744_9771,4744,9771,948900.0,1954300.0
4744_9772,4744,9772,948900.0,1954500.0
4744_9776,4744,9776,948900.0,1955300.0
4744_9777,4744,9777,948900.0,1955500.0
4744_9778,4744,9778,948900.0,1955700.0
4744_9779,4744,9779,948900.0,1955900.0
4744_9782,4744,9782,948900.0,1956500.0
4744_9783,4744,9783,948900.0,1956700.0
4744_9784,4744,9784,948900.0,1956900.0
4744_9788,4744,9788,948900.0,1957700.0
4744_9789,4744,9789,948900.0,1957900.0
4744_9790,4744,9790,948900.0,1958100.0
4744_9793,4744,9793,948900.0,1958700.0
4744_9798,4744,9798,948900.0,1959700.0
4745_9713,4745,9713,949100.0,1942700.0
4745_9714,4745,9714,949100.0,1942900.0
4745_9715,4745,9715,949100.0,1943100.0
4745_9716,4745,9716,949100.0,1943300.0
4745_9717,4745,9717,949100.0,1943500.0
4745_9718,4745,9718,949100.0,1943700.0
4745_9719,4745,9719,949100.0,1943900.0
4745_9722,4745,9722,949100.0,1944500.0
4745_9723,4745,9723,949100.0,1944700.0
4745_9724,4745,9724,949100.0,1944900.0
4745_9726,4745,9726,949100.0,1945300.0
4745_9727,4745,9727,949100.0,1945500.0
4745_9735,4745,9735,949100.0,1947100.0
4745_9737,4745,9737,949100.0,1947500.0
4745_9748,4745,9748,949100.0,1949700.0
4745_9749,4745,9749,949100.0,1949900.0
4745_9751,4745,9751,949100.0,1950300.0
4745_9752,4745,9752,949100.0,1950500.0
4745_9754,4745,9754,949100.0,1950900.0
4745_9755,4745,9755,949100.0,1951100.0
4745_9756,4745,9756,949100.0,1951300.0
4745_9757,4745,9757,949100.0,1951500.0
4745_9770,4745,9770,949100.0,1954100.0
4745_9771,4745,9771,949100.0,1954300.0
4745_9772,4745,9772,949100.0,1954500.0
4745_9775,4745,9775,949100.0,1955100.0
4745_9776,4745,9776,949100.0,1955300.0
4745_9778,4745,9778,949100.0,1955700.0
4745_9779,4745,9779,949100.0,1955900.0
4745_9780,4745,9780,949100.0,1956100.0
4745_9781,4745,9781,949100.0,1956300.0
4745_9782,4745,9782,949100.0,1956500.0
4745_9785,4745,9785,949100.0,1957100.0
4745_9787,4745,9787,949100.0,1957500.0
4745_9788,4745,9788,949100.0,1957700.0
4745_9789,4745,9789,949100.0,1957900.0
4745_9792,4745,9792,949100.0,1958500.0
4745_9796,4745,9796,949100.0,1959300.0
4745_9798,4745,9798,949100.0,1959700.0
4745_9802,4745,9802,949100.0,1960500.0
4746_9711,4746,9711,949300.0,1942300.0
4746_9713,4746,9713,949300.0,1942700.0
4746_9714,4746,9714,949300.0,1942900.0
4746_9716,4746,9716,949300.0,1943300.0
4746_9717,4746,9717,949300.0,1943500.0
4746_9718,4746,9718,949300.0,1943700.0
4746_9719,4746,9719,949300.0,1943900.0
4746_9720,4746,9720,949300.0,1944100.0
4746_9721,4746,9721,949300.0,1944300.0
4746_9722,4746,9722,949300.0,1944500.0
4746_9723,4746,9723,949300.0,1944700.0
4746_9724,4746,9724,949300.0,1944900.0
4746_9727,4746,9727,949300.0,1945500.0
4746_9728,4746,9728,949300.0,1945700.0
4746_9729,4746,9729,949300.0,1945900.0
4746_9730,4746,9730,949300.0,1946100.0
4746_9749,4746,9749,949300.0,1949900.0
4746_9753,4746,9753,949300.0,1950700.0
4746_9754,4746,9754,949300.0,1950900.0
4746_9755,4746,9755,949300.0,1951100.0
4746_9760,4746,9760,949300.0,1952100.0
4746_9765,4746,9765,949300.0,1953100.0
4746_9769,4746,9769,949300.0,1953900.0
4746_9770,4746,9770,949300.0,1954100.0
4746_9771,4746,9771,949300.0,1954300.0
4746_9779,4746,9779,949300.0,1955900.0
4746_9780,4746,9780,949300.0,1956100.0
4746_9782,4746,9782,949300.0,1956500.0
4746_9783,4746,9783,949300.0,1956700.0
4746_9786,4746,9786,949300.0,1957300.0
4746_9787,4746,9787,949300.0,1957500.0
4747_9704,4747,9704,949500.0,1940900.0
4747_9711,4747,9711,949500.0,1942300.0
4747_9715,4747,9715,949500.0,1943100.0
4747_9716,4747,9716,949500.0,1943300.0
4747_9717,4747,9717,949500.0,1943500.0
4747_9718,4747,9718,949500.0,1943700.0
4747_9720,4747,9720,949500.0,1944100.0
4747_9722,4747,9722,949500.0,1944500.0
4747_9723,4747,9723,949500.0,1944700.0
4747_9724,4747,9724,949500.0,1944900.0
4747_9728,4747,9728,949500.0,1945700.0
4747_9730,4747,9730,949500.0,1946100.0
4747_9748,4747,9748,949500.0,1949700.0
4747_9753,4747,9753,949500.0,1950700.0
4747_9754,4747,9754,949500.0,1950900.0
4747_9758,4747,9758,949500.0,1951700.0
4747_9759,4747,9759,949500.0,1951900.0
4747_9760,4747,9760,949500.0,1952100.0
4747_9764,4747,9764,949500.0,1952900.0
4747_9768,4747,9768,949500.0,1953700.0
4747_9769,4747,9769,949500.0,1953900.0
4747_9779,4747,9779,949500.0,1955900.0
4747_9780,4747,9780,949500.0,1956100.0
4747_9781,4747,9781,949500.0,1956300.0
4747_9782,4747,9782,949500.0,1956500.0
4747_9784,4747,9784,949500.0,1956900.0
4747_9785,4747,9785,949500.0,1957100.0
4747_9804,4747,9804,949500.0,1960900.0
4748_9703,4748,9703,949700.0,1940700.0
4748_9711,4748,9711,949700.0,1942300.0
4748_9712,4748,9712,949700.0,1942500.0
4748_9714,4748,9714,949700.0,1942900.0
4748_9715,4748,9715,949700.0,1943100.0
4748_9716,4748,9716,949700.0,1943300.0
4748_9717,4748,9717,949700.0,1943500.0
4748_9718,4748,9718,949700.0,1943700.0
4748_9723,4748,9723,949700.0,1944700.0
4748_9729,4748,9729,949700.0,1945900.0
4748_9730,4748,9730,949700.0,1946100.0
4748_9748,4748,9748,949700.0,1949700.0
4748_9754,4748,9754,949700.0,1950900.0
4748_9759,4748,9759,949700.0,1951900.0
4748_9760,4748,9760,949700.0,1952100.0
4748_9762,4748,9762,949700.0,1952500.0
4748_9765,4748,9765,949700.0,1953100.0
4748_9779,4748,9779,949700.0,1955900.0
4748_9780,4748,9780,949700.0,1956100.0
4748_9784,4748,9784,949700.0,1956900.0
4749_9705,4749,9705,949900.0,1941100.0
4749_9706,4749,9706,949900.0,1941300.0
4749_9707,4749,9707,949900.0,1941500.0
4749_9711,4749,9711,949900.0,1942300.0
4749_9714,4749,9714,949900.0,1942900.0
4749_9716,4749,9716,949900.0,1943300.0
4749_9717,4749,9717,949900.0,1943500.0
4749_9718,4749,9718,949900.0,1943700.0
4749_9724,4749,9724,949900.0,1944900.0
4749_9726,4749,9726,949900.0,1945300.0
4749_9727,4749,9727,949900.0,1945500.0
4749_9728,4749,9728,949900.0,1945700.0
4749_9730,4749,9730,949900.0,1946100.0
4749_9731,4749,9731,949900.0,1946300.0
4749_9733,4749,9733,949900.0,1946700.0
4749_9748,4749,9748,949900.0,1949700.0
4749_9757,4749,9757,949900.0,1951500.0
4749_9761,4749,9761,949900.0,1952300.0
4749_9762,4749,9762,949900.0,1952500.0
4749_9768,4749,9768,949900.0,1953700.0
4749_9779,4749,9779,949900.0,1955900.0
4749_9782,4749,9782,949900.0,1956500.0
4749_9783,4749,9783,949900.0,1956700.0
4750_9706,4750,9706,950100.0,1941300.0
4750_9707,4750,9707,950100.0,1941500.0
4750_9708,4750,9708,950100.0,1941700.0
4750_9709,4750,9709,950100.0,1941900.0
4750_9710,4750,9710,950100.0,1942100.0
4750_9715,4750,9715,950100.0,1943100.0
4750_9719,4750,9719,950100.0,1943900.0
4750_9724,4750,9724,950100.0,1944900.0
4750_9726,4750,9726,950100.0,1945300.0
4750_9746,4750,9746,950100.0,1949300.0
4750_9747,4750,9747,950100.0,1949500.0
4750_9748,4750,9748,950100.0,1949700.0
4750_9750,4750,9750,950100.0,1950100.0
4750_9754,4750,9754,950100.0,1950900.0
4750_9755,4750,9755,950100.0,1951100.0
4750_9756,4750,9756,950100.0,1951300.0
4750_9760,4750,9760,950100.0,1952100.0
4750_9762,4750,9762,950100.0,1952500.0
4750_9763,4750,9763,950100.0,1952700.0
4750_9765,4750,9765,950100.0,1953100.0
4750_9768,4750,9768,950100.0,1953700.0
4750_9770,4750,9770,950100.0,1954100.0
4750_9771,4750,9771,950100.0,1954300.0
4750_9772,4750,9772,950100.0,1954500.0
4750_9778,4750,9778,950100.0,1955700.0
4750_9779,4750,9779,950100.0,1955900.0
4750_9781,4750,9781,950100.0,1956300.0
4750_9789,4750,9789,950100.0,1957900.0
4751_9706,4751,9706,950300.0,1941300.0
4751_9707,4751,9707,950300.0,1941500.0
4751_9709,4751,9709,950300.0,1941900.0
4751_9710,4751,9710,950300.0,1942100.0
4751_9712,4751,9712,950300.0,1942500.0
4751_9714,4751,9714,950300.0,1942900.0
4751_9726,4751,9726,950300.0,1945300.0
4751_9730,4751,9730,950300.0,1946100.0
4751_9734,4751,9734,950300.0,1946900.0
4751_9746,4751,9746,950300.0,1949300.0
4751_9747,4751,9747,950300.0,1949500.0
4751_9749,4751,9749,950300.0,1949900.0
4751_9750,4751,9750,950300.0,1950100.0
4751_9751,4751,9751,950300.0,1950300.0
4751_9753,4751,9753,950300.0,1950700.0
4751_9755,4751,9755,950300.0,1951100.0
4751_9756,4751,9756,950300.0,1951300.0
4751_9763,4751,9763,950300.0,1952700.0
4751_9764,4751,9764,950300.0,1952900.0
4751_9769,4751,9769,950300.0,1953900.0
4751_9771,4751,9771,950300.0,1954300.0
4751_9772,4751,9772,950300.0,1954500.0
4751_9774,4751,9774,950300.0,1954900.0
4751_9799,4751,9799,950300.0,1959900.0
4752_9710,4752,9710,950500.0,1942100.0
4752_9711,4752,9711,950500.0,1942300.0
4752_9712,4752,9712,950500.0,1942500.0
4752_9713,4752,9713,950500.0,1942700.0
4752_9714,4752,9714,950500.0,1942900.0
4752_9715,4752,9715,950500.0,1943100.0
4752_9716,4752,9716,950500.0,1943300.0
4752_9718,4752,9718,950500.0,1943700.0
4752_9725,4752,9725,950500.0,1945100.0
4752_9726,4752,9726,950500.0,1945300.0
4752_9727,4752,9727,950500.0,1945500.0
4752_9730,4752,9730,950500.0,1946100.0
4752_9747,4752,9747,950500.0,1949500.0
4752_9748,4752,9748,950500.0,1949700.0
4752_9750,4752,9750,950500.0,1950100.0
4752_9751,4752,9751,950500.0,1950300.0
4752_9755,4752,9755,950500.0,1951100.0
4752_9756,4752,9756,950500.0,1951300.0
4752_9774,4752,9774,950500.0,1954900.0
4753_9706,4753,9706,950700.0,1941300.0
4753_9709,4753,9709,950700.0,1941900.0
4753_9710,4753,9710,950700.0,1942100.0
4753_9711,4753,9711,950700.0,1942300.0
4753_9712,4753,9712,950700.0,1942500.0
4753_9713,4753,9713,950700.0,1942700.0
4753_9714,4753,9714,950700.0,1942900.0
4753_9715,4753,9715,950700.0,1943100.0
4753_9717,4753,9717,950700.0,1943500.0
4753_9718,4753,9718,950700.0,1943700.0
4753_9722,4753,9722,950700.0,1944500.0
4753_9725,4753,9725,950700.0,1945100.0
4753_9726,4753,9726,950700.0,1945300.0
4753_9730,4753,9730,950700.0,1946100.0
4753_9746,4753,9746,950700.0,1949300.0
4753_9747,4753,9747,950700.0,1949500.0
4753_9749,4753,9749,950700.0,1949900.0
4753_9750,4753,9750,950700.0,1950100.0
4753_9751,4753,9751,950700.0,1950300.0
4753_9756,4753,9756,950700.0,1951300.0
4753_9757,4753,9757,950700.0,1951500.0
4753_9772,4753,9772,950700.0,1954500.0
4753_9773,4753,9773,950700.0,1954700.0
4753_9775,4753,9775,950700.0,1955100.0
4754_9710,4754,9710,950900.0,1942100.0
4754_9711,4754,9711,950900.0,1942300.0
4754_9712,4754,9712,950900.0,1942500.0
4754_9713,4754,9713,950900.0,1942700.0
4754_9716,4754,9716,950900.0,1943300.0
4754_9717,4754,9717,950900.0,1943500.0
4754_9719,4754,9719,950900.0,1943900.0
4754_9724,4754,9724,950900.0,1944900.0
4754_9725,4754,9725,950900.0,1945100.0
4754_9726,4754,9726,950900.0,1945300.0
4754_9729,4754,9729,950900.0,1945900.0
4754_9745,4754,9745,950900.0,1949100.0
4754_9746,4754,9746,950900.0,1949300.0
4754_9747,4754,9747,950900.0,1949500.0
4754_9748,4754,9748,950900.0,1949700.0
4754_9749,4754,9749,950900.0,1949900.0
4754_9750,4754,9750,950900.0,1950100.0
4754_9751,4754,9751,950900.0,1950300.0
4754_9755,4754,9755,950900.0,1951100.0
4754_9758,4754,9758,950900.0,1951700.0
4754_9759,4754,9759,950900.0,1951900.0
4754_9772,4754,9772,950900.0,1954500.0
4755_9706,4755,9706,951100.0,1941300.0
4755_9711,4755,9711,951100.0,1942300.0
4755_9712,4755,9712,951100.0,1942500.0
4755_9713,4755,9713,951100.0,1942700.0
4755_9714,4755,9714,951100.0,1942900.0
4755_9717,4755,9717,951100.0,1943500.0
4755_9718,4755,9718,951100.0,1943700.0
4755_9721,4755,9721,951100.0,1944300.0
4755_9724,4755,9724,951100.0,1944900.0
4755_9726,4755,9726,951100.0,1945300.0
4755_9728,4755,9728,951100.0,1945700.0
4755_9730,4755,9730,951100.0,1946100.0
4755_9747,4755,9747,951100.0,1949500.0
4755_9748,4755,9748,951100.0,1949700.0
4755_9749,4755,9749,951100.0,1949900.0
4755_9750,4755,9750,951100.0,1950100.0
4755_9751,4755,9751,951100.0,1950300.0
4755_9753,4755,9753,951100.0,1950700.0
4755_9755,4755,9755,951100.0,1951100.0
4755_9760,4755,9760,951100.0,1952100.0
4755_9772,4755,9772,951100.0,1954500.0
4755_9774,4755,9774,951100.0,1954900.0
4756_9705,4756,9705,951300.0,1941100.0
4756_9711,4756,9711,951300.0,1942300.0
4756_9712,4756,9712,951300.0,1942500.0
4756_9713,4756,9713,951300.0,1942700.0
4756_9714,4756,9714,951300.0,1942900.0
4756_9715,4756,9715,951300.0,1943100.0
4756_9716,4756,9716,951300.0,1943300.0
4756_9718,4756,9718,951300.0,1943700.0
4756_9720,4756,9720,951300.0,1944100.0
4756_9721,4756,9721,951300.0,1944300.0
4756_9722,4756,9722,951300.0,1944500.0
4756_9724,4756,9724,951300.0,1944900.0
4756_9725,4756,9725,951300.0,1945100.0
4756_9727,4756,9727,951300.0,1945500.0
4756_9742,4756,9742,951300.0,1948500.0
4756_9745,4756,9745,951300.0,1949100.0
4756_9747,4756,9747,951300.0,1949500.0
4756_9750,4756,9750,951300.0,1950100.0
4756_9751,4756,9751,951300.0,1950300.0
4756_9760,4756,9760,951300.0,1952100.0
4756_9774,4756,9774,951300.0,1954900.0
4757_9709,4757,9709,951500.0,1941900.0
4757_9711,4757,9711,951500.0,1942300.0
4757_9712,4757,9712,951500.0,1942500.0
4757_9713,4757,9713,951500.0,1942700.0
4757_9715,4757,9715,951500.0,1943100.0
4757_9716,4757,9716,951500.0,1943300.0
4757_9721,4757,9721,951500.0,1944300.0
4757_9722,4757,9722,951500.0,1944500.0
4757_9725,4757,9725,951500.0,1945100.0
4757_9726,4757,9726,951500.0,1945300.0
4757_9727,4757,9727,951500.0,1945500.0
4757_9728,4757,9728,951500.0,1945700.0
4757_9729,4757,9729,951500.0,1945900.0
4757_9730,4757,9730,951500.0,1946100.0
4757_9748,4757,9748,951500.0,1949700.0
4757_9759,4757,9759,951500.0,1951900.0
4757_9768,4757,9768,951500.0,1953700.0
4758_9710,4758,9710,951700.0,1942100.0
4758_9711,4758,9711,951700.0,1942300.0
4758_9712,4758,9712,951700.0,1942500.0
4758_9713,4758,9713,951700.0,1942700.0
4758_9715,4758,9715,951700.0,1943100.0
4758_9716,4758,9716,951700.0,1943300.0
4758_9717,4758,9717,951700.0,1943500.0
4758_9721,4758,9721,951700.0,1944300.0
4758_9723,4758,9723,951700.0,1944700.0
4758_9724,4758,9724,951700.0,1944900.0
4758_9726,4758,9726,951700.0,1945300.0
4758_9729,4758,9729,951700.0,1945900.0
4758_9730,4758,9730,951700.0,1946100.0
4758_9749,4758,9749,951700.0,1949900.0
4758_9751,4758,9751,951700.0,1950300.0
4758_9752,4758,9752,951700.0,1950500.0
4759_9712,4759,9712,951900.0,1942500.0
4759_9713,4759,9713,951900.0,1942700.0
4759_9714,4759,9714,951900.0,1942900.0
4759_9715,4759,9715,951900.0,1943100.0
4759_9719,4759,9719,951900.0,1943900.0
4759_9720,4759,9720,951900.0,1944100.0
4759_9721,4759,9721,951900.0,1944300.0
4759_9722,4759,9722,951900.0,1944500.0
4759_9729,4759,9729,951900.0,1945900.0
4759_9744,4759,9744,951900.0,1948900.0
4759_9745,4759,9745,951900.0,1949100.0
4760_9711,4760,9711,952100.0,1942300.0
4760_9712,4760,9712,952100.0,1942500.0
4760_9713,4760,9713,952100.0,1942700.0
4760_9715,4760,9715,952100.0,1943100.0
4760_9716,4760,9716,952100.0,1943300.0
4760_9719,4760,9719,952100.0,1943900.0
4760_9720,4760,9720,952100.0,1944100.0
4760_9721,4760,9721,952100.0,1944300.0
4760_9722,4760,9722,952100.0,1944500.0
4760_9723,4760,9723,952100.0,1944700.0
4760_9741,4760,9741,952100.0,1948300.0
4760_9745,4760,9745,952100.0,1949100.0
4760_9746,4760,9746,952100.0,1949300.0
4761_9708,4761,9708,952300.0,1941700.0
4761_9710,4761,9710,952300.0,1942100.0
4761_9711,4761,9711,952300.0,1942300.0
4761_9715,4761,9715,952300.0,1943100.0
4761_9719,4761,9719,952300.0,1943900.0
4761_9723,4761,9723,952300.0,1944700.0
4761_9727,4761,9727,952300.0,1945500.0
4761_9728,4761,9728,952300.0,1945700.0
4761_9745,4761,9745,952300.0,1949100.0
4762_9708,4762,9708,952500.0,1941700.0
4762_9710,4762,9710,952500.0,1942100.0
4762_9711,4762,9711,952500.0,1942300.0
4762_9712,4762,9712,952500.0,1942500.0
4762_9717,4762,9717,952500.0,1943500.0
4762_9718,4762,9718,952500.0,1943700.0
4762_9727,4762,9727,952500.0,1945500.0
4762_9751,4762,9751,952500.0,1950300.0
4762_9752,4762,9752,952500.0,1950500.0
4762_9754,4762,9754,952500.0,1950900.0
4762_9756,4762,9756,952500.0,1951300.0
4763_9706,4763,9706,952700.0,1941300.0
4763_9708,4763,9708,952700.0,1941700.0
4763_9709,4763,9709,952700.0,1941900.0
4763_9710,4763,9710,952700.0,1942100.0
4763_9711,4763,9711,952700.0,1942300.0
4763_9724,4763,9724,952700.0,1944900.0
4763_9727,4763,9727,952700.0,1945500.0
4763_9751,4763,9751,952700.0,1950300.0
4763_9763,4763,9763,952700.0,1952700.0
4763_9764,4763,9764,952700.0,1952900.0
4764_9706,4764,9706,952900.0,1941300.0
4764_9707,4764,9707,952900.0,1941500.0
4764_9708,4764,9708,952900.0,1941700.0
4764_9713,4764,9713,952900.0,1942700.0
4764_9714,4764,9714,952900.0,1942900.0
4764_9726,4764,9726,952900.0,1945300.0
4764_9727,4764,9727,952900.0,1945500.0
4764_9750,4764,9750,952900.0,1950100.0
4765_9717,4765,9717,953100.0,1943500.0
4765_9719,4765,9719,953100.0,1943900.0
4765_9754,4765,9754,953100.0,1950900.0
4766_9714,4766,9714,953300.0,1942900.0
4766_9715,4766,9715,953300.0,1943100.0
4766_9756,4766,9756,953300.0,1951300.0
4767_9716,4767,9716,953500.0,1943300.0
4767_9717,4767,9717,953500.0,1943500.0
4767_9756,4767,9756,953500.0,1951300.0
4767_9764,4767,9764,953500.0,1952900.0
4768_9712,4768,9712,953700.0,1942500.0
4768_9713,4768,9713,953700.0,1942700.0
4768_9714,4768,9714,953700.0,1942900.0
4768_9715,4768,9715,953700.0,1943100.0
4768_9717,4768,9717,953700.0,1943500.0
4768_9719,4768,9719,953700.0,1943900.0
4768_9754,4768,9754,953700.0,1950900.0
4769_9714,4769,9714,953900.0,1942900.0
4770_9710,4770,9710,954100.0,1942100.0
4770_9712,4770,9712,954100.0,1942500.0
4770_9715,4770,9715,954100.0,1943100.0
4770_9716,4770,9716,954100.0,1943300.0
4771_9716,4771,9716,954300.0,1943300.0
4771_9718,4771,9718,954300.0,1943700.0
4776_9716,4776,9716,955300.0,1943300.0
4777_9716,4777,9716,955500.0,1943300.0
4777_9718,4777,9718,955500.0,1943700.0
4787_9808,4787,9808,957500.0,1961700.0
4788_9730,4788,9730,957700.0,1946100.0
4788_9731,4788,9731,957700.0,1946300.0
4788_9732,4788,9732,957700.0,1946500.0
4788_9733,4788,9733,957700.0,1946700.0
4788_9735,4788,9735,957700.0,1947100.0
4788_9736,4788,9736,957700.0,1947300.0
4789_9718,4789,9718,957900.0,1943700.0
4789_9719,4789,9719,957900.0,1943900.0
4789_9722,4789,9722,957900.0,1944500.0
4789_9731,4789,9731,957900.0,1946300.0
4789_9732,4789,9732,957900.0,1946500.0
4789_9733,4789,9733,957900.0,1946700.0
4789_9734,4789,9734,957900.0,1946900.0
4789_9735,4789,9735,957900.0,1947100.0
4789_9736,4789,9736,957900.0,1947300.0
4789_9805,4789,9805,957900.0,1961100.0
4789_9806,4789,9806,957900.0,1961300.0
4789_9810,4789,9810,957900.0,1962100.0
4790_9718,4790,9718,958100.0,1943700.0
4790_9719,4790,9719,958100.0,1943900.0
4790_9720,4790,9720,958100.0,1944100.0
4790_9722,4790,9722,958100.0,1944500.0
4790_9723,4790,9723,958100.0,1944700.0
4790_9731,4790,9731,958100.0,1946300.0
4790_9732,4790,9732,958100.0,1946500.0
4790_9806,4790,9806,958100.0,1961300.0
4791_9705,4791,9705,958300.0,1941100.0
4791_9715,4791,9715,958300.0,1943100.0
4791_9718,4791,9718,958300.0,1943700.0
4791_9719,4791,9719,958300.0,1943900.0
4791_9720,4791,9720,958300.0,1944100.0
4791_9733,4791,9733,958300.0,1946700.0
4791_9734,4791,9734,958300.0,1946900.0
4791_9736,4791,9736,958300.0,1947300.0
4791_9737,4791,9737,958300.0,1947500.0
4791_9804,4791,9804,958300.0,1960900.0
4791_9805,4791,9805,958300.0,1961100.0
4792_9706,4792,9706,958500.0,1941300.0
4792_9707,4792,9707,958500.0,1941500.0
4792_9708,4792,9708,958500.0,1941700.0
4792_9715,4792,9715,958500.0,1943100.0
4792_9718,4792,9718,958500.0,1943700.0
4792_9722,4792,9722,958500.0,1944500.0
4792_9723,4792,9723,958500.0,1944700.0
4792_9724,4792,9724,958500.0,1944900.0
4792_9725,4792,9725,958500.0,1945100.0
4792_9729,4792,9729,958500.0,1945900.0
4792_9731,4792,9731,958500.0,1946300.0
4792_9732,4792,9732,958500.0,1946500.0
4792_9734,4792,9734,958500.0,1946900.0
4792_9735,4792,9735,958500.0,1947100.0
4792_9809,4792,9809,958500.0,1961900.0
4792_9814,4792,9814,958500.0,1962900.0
4793_9709,4793,9709,958700.0,1941900.0
4793_9711,4793,9711,958700.0,1942300.0
4793_9714,4793,9714,958700.0,1942900.0
4793_9715,4793,9715,958700.0,1943100.0
4793_9717,4793,9717,958700.0,1943500.0
4793_9718,4793,9718,958700.0,1943700.0
4793_9719,4793,9719,958700.0,1943900.0
4793_9722,4793,9722,958700.0,1944500.0
4793_9724,4793,9724,958700.0,1944900.0
4793_9725,4793,9725,958700.0,1945100.0
4793_9728,4793,9728,958700.0,1945700.0
4793_9729,4793,9729,958700.0,1945900.0
4793_9730,4793,9730,958700.0,1946100.0
4793_9737,4793,9737,958700.0,1947500.0
4793_9806,4793,9806,958700.0,1961300.0
4793_9812,4793,9812,958700.0,1962500.0
4794_9701,4794,9701,958900.0,1940300.0
4794_9702,4794,9702,958900.0,1940500.0
4794_9703,4794,9703,958900.0,1940700.0
4794_9704,4794,9704,958900.0,1940900.0
4794_9708,4794,9708,958900.0,1941700.0
4794_9709,4794,9709,958900.0,1941900.0
4794_9710,4794,9710,958900.0,1942100.0
4794_9711,4794,9711,958900.0,1942300.0
4794_9714,4794,9714,958900.0,1942900.0
4794_9715,4794,9715,958900.0,1943100.0
4794_9716,4794,9716,958900.0,1943300.0
4794_9717,4794,9717,958900.0,1943500.0
4794_9718,4794,9718,958900.0,1943700.0
4794_9725,4794,9725,958900.0,1945100.0
4794_9727,4794,9727,958900.0,1945500.0
4794_9737,4794,9737,958900.0,1947500.0
4794_9738,4794,9738,958900.0,1947700.0
4794_9801,4794,9801,958900.0,1960300.0
4794_9803,4794,9803,958900.0,1960700.0
4794_9804,4794,9804,958900.0,1960900.0
4794_9805,4794,9805,958900.0,1961100.0
4794_9806,4794,9806,958900.0,1961300.0
4794_9812,4794,9812,958900.0,1962500.0
4795_9701,4795,9701,959100.0,1940300.0
4795_9703,4795,9703,959100.0,1940700.0
4795_9711,4795,9711,959100.0,1942300.0
4795_9717,4795,9717,959100.0,1943500.0
4795_9718,4795,9718,959100.0,1943700.0
4795_9720,4795,9720,959100.0,1944100.0
4795_9722,4795,9722,959100.0,1944500.0
4795_9724,4795,9724,959100.0,1944900.0
4795_9729,4795,9729,959100.0,1945900.0
4795_9736,4795,9736,959100.0,1947300.0
4795_9738,4795,9738,959100.0,1947700.0
4795_9802,4795,9802,959100.0,1960500.0
4795_9806,4795,9806,959100.0,1961300.0
4795_9807,4795,9807,959100.0,1961500.0
4795_9809,4795,9809,959100.0,1961900.0
4795_9811,4795,9811,959100.0,1962300.0
4796_9706,4796,9706,959300.0,1941300.0
4796_9707,4796,9707,959300.0,1941500.0
4796_9711,4796,9711,959300.0,1942300.0
4796_9719,4796,9719,959300.0,1943900.0
4796_9720,4796,9720,959300.0,1944100.0
4796_9723,4796,9723,959300.0,1944700.0
4796_9724,4796,9724,959300.0,1944900.0
4796_9725,4796,9725,959300.0,1945100.0
4796_9728,4796,9728,959300.0,1945700.0
4796_9806,4796,9806,959300.0,1961300.0
4796_9809,4796,9809,959300.0,1961900.0
4796_9810,4796,9810,959300.0,1962100.0
4797_9707,4797,9707,959500.0,1941500.0
4797_9708,4797,9708,959500.0,1941700.0
4797_9709,4797,9709,959500.0,1941900.0
4797_9710,4797,9710,959500.0,1942100.0
4797_9712,4797,9712,959500.0,1942500.0
4797_9714,4797,9714,959500.0,1942900.0
4797_9716,4797,9716,959500.0,1943300.0
4797_9719,4797,9719,959500.0,1943900.0
4797_9721,4797,9721,959500.0,1944300.0
4797_9724,4797,9724,959500.0,1944900.0
4797_9730,4797,9730,959500.0,1946100.0
4797_9732,4797,9732,959500.0,1946500.0
4797_9735,4797,9735,959500.0,1947100.0
4797_9737,4797,9737,959500.0,1947500.0
4797_9739,4797,9739,959500.0,1947900.0
4797_9807,4797,9807,959500.0,1961500.0
4798_9707,4798,9707,959700.0,1941500.0
4798_9708,4798,9708,959700.0,1941700.0
4798_9709,4798,9709,959700.0,1941900.0
4798_9710,4798,9710,959700.0,1942100.0
4798_9712,4798,9712,959700.0,1942500.0
4798_9713,4798,9713,959700.0,1942700.0
4798_9714,4798,9714,959700.0,1942900.0
4798_9719,4798,9719,959700.0,1943900.0
4798_9721,4798,9721,959700.0,1944300.0
4798_9722,4798,9722,959700.0,1944500.0
4798_9723,4798,9723,959700.0,1944700.0
4798_9724,4798,9724,959700.0,1944900.0
4798_9729,4798,9729,959700.0,1945900.0
4798_9730,4798,9730,959700.0,1946100.0
4798_9736,4798,9736,959700.0,1947300.0
4798_9737,4798,9737,959700.0,1947500.0
4798_9739,4798,9739,959700.0,1947900.0
4798_9807,4798,9807,959700.0,1961500.0
4798_9809,4798,9809,959700.0,1961900.0
4798_9810,4798,9810,959700.0,1962100.0
4798_9811,4798,9811,959700.0,1962300.0
4798_9813,4798,9813,959700.0,1962700.0
4798_9818,4798,9818,959700.0,1963700.0
4799_9707,4799,9707,959900.0,1941500.0
4799_9709,4799,9709,959900.0,1941900.0
4799_9710,4799,9710,959900.0,1942100.0
4799_9714,4799,9714,959900.0,1942900.0
4799_9715,4799,9715,959900.0,1943100.0
4799_9716,4799,9716,959900.0,1943300.0
4799_9717,4799,9717,959900.0,1943500.0
4799_9719,4799,9719,959900.0,1943900.0
4799_9723,4799,9723,959900.0,1944700.0
4799_9724,4799,9724,959900.0,1944900.0
4799_9729,4799,9729,959900.0,1945900.0
4799_9736,4799,9736,959900.0,1947300.0
4799_9737,4799,9737,959900.0,1947500.0
4799_9738,4799,9738,959900.0,1947700.0
4799_9739,4799,9739,959900.0,1947900.0
4799_9806,4799,9806,959900.0,1961300.0
4799_9808,4799,9808,959900.0,1961700.0
4799_9809,4799,9809,959900.0,1961900.0
4799_9811,4799,9811,959900.0,1962300.0
4799_9813,4799,9813,959900.0,1962700.0
4799_9814,4799,9814,959900.0,1962900.0
4799_9815,4799,9815,959900.0,1963100.0
4799_9816,4799,9816,959900.0,1963300.0
4799_9817,4799,9817,959900.0,1963500.0
4799_9819,4799,9819,959900.0,1963900.0
4799_9820,4799,9820,959900.0,1964100.0
4799_9822,4799,9822,959900.0,1964500.0
4799_9825,4799,9825,959900.0,1965100.0
4800_9708,4800,9708,960100.0,1941700.0
4800_9717,4800,9717,960100.0,1943500.0
4800_9722,4800,9722,960100.0,1944500.0
4800_9724,4800,9724,960100.0,1944900.0
4800_9725,4800,9725,960100.0,1945100.0
4800_9729,4800,9729,960100.0,1945900.0
4800_9734,4800,9734,960100.0,1946900.0
4800_9737,4800,9737,960100.0,1947500.0
4800_9738,4800,9738,960100.0,1947700.0
4800_9808,4800,9808,960100.0,1961700.0
4800_9814,4800,9814,960100.0,1962900.0
4800_9816,4800,9816,960100.0,1963300.0
4800_9817,4800,9817,960100.0,1963500.0
4800_9820,4800,9820,960100.0,1964100.0
4800_9824,4800,9824,960100.0,1964900.0
4801_9722,4801,9722,960300.0,1944500.0
4801_9723,4801,9723,960300.0,1944700.0
4801_9724,4801,9724,960300.0,1944900.0
4801_9725,4801,9725,960300.0,1945100.0
4801_9726,4801,9726,960300.0,1945300.0
4801_9729,4801,9729,960300.0,1945900.0
4801_9730,4801,9730,960300.0,1946100.0
4801_9732,4801,9732,960300.0,1946500.0
4801_9734,4801,9734,960300.0,1946900.0
4801_9810,4801,9810,960300.0,1962100.0
4801_9814,4801,9814,960300.0,1962900.0
4801_9823,4801,9823,960300.0,1964700.0
4802_9720,4802,9720,960500.0,1944100.0
4802_9721,4802,9721,960500.0,1944300.0
4802_9722,4802,9722,960500.0,1944500.0
4802_9724,4802,9724,960500.0,1944900.0
4802_9725,4802,9725,960500.0,1945100.0
4802_9727,4802,9727,960500.0,1945500.0
4802_9730,4802,9730,960500.0,1946100.0
4802_9731,4802,9731,960500.0,1946300.0
4802_9733,4802,9733,960500.0,1946700.0
4802_9818,4802,9818,960500.0,1963700.0
4802_9822,4802,9822,960500.0,1964500.0
4803_9719,4803,9719,960700.0,1943900.0
4803_9721,4803,9721,960700.0,1944300.0
4803_9724,4803,9724,960700.0,1944900.0
4803_9725,4803,9725,960700.0,1945100.0
4803_9726,4803,9726,960700.0,1945300.0
4803_9727,4803,9727,960700.0,1945500.0
4803_9728,4803,9728,960700.0,1945700.0
4803_9729,4803,9729,960700.0,1945900.0
4803_9730,4803,9730,960700.0,1946100.0
4803_9732,4803,9732,960700.0,1946500.0
4803_9813,4803,9813,960700.0,1962700.0
4803_9817,4803,9817,960700.0,1963500.0
4803_9818,4803,9818,960700.0,1963700.0
4803_9823,4803,9823,960700.0,1964700.0
4803_9824,4803,9824,960700.0,1964900.0
4804_9721,4804,9721,960900.0,1944300.0
4804_9723,4804,9723,960900.0,1944700.0
4804_9724,4804,9724,960900.0,1944900.0
4804_9726,4804,9726,960900.0,1945300.0
4804_9727,4804,9727,960900.0,1945500.0
4804_9728,4804,9728,960900.0,1945700.0
4804_9729,4804,9729,960900.0,1945900.0
4804_9734,4804,9734,960900.0,1946900.0
4804_9805,4804,9805,960900.0,1961100.0
4804_9808,4804,9808,960900.0,1961700.0
4804_9814,4804,9814,960900.0,1962900.0
4804_9820,4804,9820,960900.0,1964100.0
4805_9722,4805,9722,961100.0,1944500.0
4805_9724,4805,9724,961100.0,1944900.0
4805_9725,4805,9725,961100.0,1945100.0
4805_9733,4805,9733,961100.0,1946700.0
4805_9804,4805,9804,961100.0,1960900.0
4805_9805,4805,9805,961100.0,1961100.0
4805_9807,4805,9807,961100.0,1961500.0
4805_9808,4805,9808,961100.0,1961700.0
4805_9811,4805,9811,961100.0,1962300.0
4805_9816,4805,9816,961100.0,1963300.0
4806_9719,4806,9719,961300.0,1943900.0
4806_9720,4806,9720,961300.0,1944100.0
4806_9722,4806,9722,961300.0,1944500.0
4806_9725,4806,9725,961300.0,1945100.0
4806_9727,4806,9727,961300.0,1945500.0
4806_9732,4806,9732,961300.0,1946500.0
4806_9733,4806,9733,961300.0,1946700.0
4806_9786,4806,9786,961300.0,1957300.0
4806_9800,4806,9800,961300.0,1960100.0
4806_9805,4806,9805,961300.0,1961100.0
4806_9809,4806,9809,961300.0,1961900.0
4806_9810,4806,9810,961300.0,1962100.0
4806_9811,4806,9811,961300.0,1962300.0
4806_9814,4806,9814,961300.0,1962900.0
4806_9816,4806,9816,961300.0,1963300.0
4807_9721,4807,9721,961500.0,1944300.0
4807_9722,4807,9722,961500.0,1944500.0
4807_9723,4807,9723,961500.0,1944700.0
4807_9731,4807,9731,961500.0,1946300.0
4807_9732,4807,9732,961500.0,1946500.0
4807_9785,4807,9785,961500.0,1957100.0
4807_9801,4807,9801,961500.0,1960300.0
4807_9802,4807,9802,961500.0,1960500.0
4807_9805,4807,9805,961500.0,1961100.0
4807_9806,4807,9806,961500.0,1961300.0
4807_9807,4807,9807,961500.0,1961500.0
4807_9808,4807,9808,961500.0,1961700.0
4807_9812,4807,9812,961500.0,1962500.0
4807_9813,4807,9813,961500.0,1962700.0
4807_9814,4807,9814,961500.0,1962900.0
4807_9815,4807,9815,961500.0,1963100.0
4808_9724,4808,9724,961700.0,1944900.0
4808_9728,4808,9728,961700.0,1945700.0
4808_9783,4808,9783,961700.0,1956700.0
4808_9784,4808,9784,961700.0,1956900.0
4808_9785,4808,9785,961700.0,1957100.0
4808_9786,4808,9786,961700.0,1957300.0
4808_9803,4808,9803,961700.0,1960700.0
4808_9806,4808,9806,961700.0,1961300.0
4808_9809,4808,9809,961700.0,1961900.0
4808_9812,4808,9812,961700.0,1962500.0
4808_9813,4808,9813,961700.0,1962700.0
4808_9814,4808,9814,961700.0,1962900.0
4808_9815,4808,9815,961700.0,1963100.0
4809_9812,4809,9812,961900.0,1962500.0
4809_9813,4809,9813,961900.0,1962700.0
4809_9815,4809,9815,961900.0,1963100.0
4810_9721,4810,9721,962100.0,1944300.0
4810_9727,4810,9727,962100.0,1945500.0
4810_9729,4810,9729,962100.0,1945900.0
4810_9799,4810,9799,962100.0,1959900.0
4810_9812,4810,9812,962100.0,1962500.0
4810_9813,4810,9813,962100.0,1962700.0
4810_9814,4810,9814,962100.0,1962900.0
4811_9758,4811,9758,962300.0,1951700.0
4811_9795,4811,9795,962300.0,1959100.0
4811_9799,4811,9799,962300.0,1959900.0
4811_9802,4811,9802,962300.0,1960500.0
4811_9803,4811,9803,962300.0,1960700.0
4811_9804,4811,9804,962300.0,1960900.0
4811_9806,4811,9806,962300.0,1961300.0
4811_9808,4811,9808,962300.0,1961700.0
4811_9809,4811,9809,962300.0,1961900.0
4811_9810,4811,9810,962300.0,1962100.0
4811_9811,4811,9811,962300.0,1962300.0
4812_9721,4812,9721,962500.0,1944300.0
4812_9725,4812,9725,962500.0,1945100.0
4812_9729,4812,9729,962500.0,1945900.0
4812_9788,4812,9788,962500.0,1957700.0
4812_9793,4812,9793,962500.0,1958700.0
4812_9800,4812,9800,962500.0,1960100.0
4812_9803,4812,9803,962500.0,1960700.0
4812_9806,4812,9806,962500.0,1961300.0
4813_9729,4813,9729,962700.0,1945900.0
4813_9789,4813,9789,962700.0,1957900.0
4813_9790,4813,9790,962700.0,1958100.0
4813_9793,4813,9793,962700.0,1958700.0
4813_9802,4813,9802,962700.0,1960500.0
4813_9805,4813,9805,962700.0,1961100.0
4813_9806,4813,9806,962700.0,1961300.0
4813_9813,4813,9813,962700.0,1962700.0
4814_9726,4814,9726,962900.0,1945300.0
4814_9728,4814,9728,962900.0,1945700.0
4814_9729,4814,9729,962900.0,1945900.0
4814_9789,4814,9789,962900.0,1957900.0
4814_9791,4814,9791,962900.0,1958300.0
4814_9792,4814,9792,962900.0,1958500.0
4814_9799,4814,9799,962900.0,1959900.0
4814_9800,4814,9800,962900.0,1960100.0
4814_9805,4814,9805,962900.0,1961100.0
4815_9726,4815,9726,963100.0,1945300.0
4815_9729,4815,9729,963100.0,1945900.0
4815_9731,4815,9731,963100.0,1946300.0
4815_9799,4815,9799,963100.0,1959900.0
4815_9804,4815,9804,963100.0,1960900.0
4815_9805,4815,9805,963100.0,1961100.0
4816_9724,4816,9724,963300.0,1944900.0
4816_9726,4816,9726,963300.0,1945300.0
4816_9727,4816,9727,963300.0,1945500.0
4816_9729,4816,9729,963300.0,1945900.0
4816_9789,4816,9789,963300.0,1957900.0
4816_9790,4816,9790,963300.0,1958100.0
4816_9791,4816,9791,963300.0,1958300.0
4817_9726,4817,9726,963500.0,1945300.0
4817_9791,4817,9791,963500.0,1958300.0
4819_9724,4819,9724,963900.0,1944900.0
4819_9727,4819,9727,963900.0,1945500.0
4819_9731,4819,9731,963900.0,1946300.0
4820_9724,4820,9724,964100.0,1944900.0
4820_9727,4820,9727,964100.0,1945500.0
4821_9723,4821,9723,964300.0,1944700.0
4821_9726,4821,9726,964300.0,1945300.0
4822_9722,4822,9722,964500.0,1944500.0
4822_9724,4822,9724,964500.0,1944900.0
4822_9725,4822,9725,964500.0,1945100.0
4824_9722,4824,9722,964900.0,1944500.0
4824_9724,4824,9724,964900.0,1944900.0
4824_9727,4824,9727,964900.0,1945500.0
4825_9728,4825,9728,965100.0,1945700.0
4825_9729,4825,9729,965100.0,1945900.0
4826_9728,4826,9728,965300.0,1945700.0
4826_9729,4826,9729,965300.0,1945900.0
4826_9731,4826,9731,965300.0,1946300.0
4826_9798,4826,9798,965300.0,1959700.0
4826_9802,4826,9802,965300.0,1960500.0
4827_9720,4827,9720,965500.0,1944100.0
4827_9723,4827,9723,965500.0,1944700.0
4827_9726,4827,9726,965500.0,1945300.0
4827_9729,4827,9729,965500.0,1945900.0
4827_9735,4827,9735,965500.0,1947100.0
4827_9736,4827,9736,965500.0,1947300.0
4828_9800,4828,9800,965700.0,1960100.0
4829_9713,4829,9713,965900.0,1942700.0
4829_9715,4829,9715,965900.0,1943100.0
4829_9722,4829,9722,965900.0,1944500.0
4829_9725,4829,9725,965900.0,1945100.0
4829_9732,4829,9732,965900.0,1946500.0
4829_9737,4829,9737,965900.0,1947500.0
4829_9740,4829,9740,965900.0,1948100.0
4829_9741,4829,9741,965900.0,1948300.0
4829_9743,4829,9743,965900.0,1948700.0
4830_9712,4830,9712,966100.0,1942500.0
4830_9720,4830,9720,966100.0,1944100.0
4830_9722,4830,9722,966100.0,1944500.0
4830_9724,4830,9724,966100.0,1944900.0
4830_9727,4830,9727,966100.0,1945500.0
4830_9728,4830,9728,966100.0,1945700.0
4830_9730,4830,9730,966100.0,1946100.0
4830_9739,4830,9739,966100.0,1947900.0
4830_9740,4830,9740,966100.0,1948100.0
4830_9743,4830,9743,966100.0,1948700.0
4831_9709,4831,9709,966300.0,1941900.0
4831_9711,4831,9711,966300.0,1942300.0
4831_9719,4831,9719,966300.0,1943900.0
4831_9720,4831,9720,966300.0,1944100.0
4831_9721,4831,9721,966300.0,1944300.0
4831_9722,4831,9722,966300.0,1944500.0
4831_9725,4831,9725,966300.0,1945100.0
4831_9726,4831,9726,966300.0,1945300.0
4831_9727,4831,9727,966300.0,1945500.0
4831_9728,4831,9728,966300.0,1945700.0
4831_9729,4831,9729,966300.0,1945900.0
4831_9731,4831,9731,966300.0,1946300.0
4831_9738,4831,9738,966300.0,1947700.0
4831_9740,4831,9740,966300.0,1948100.0
4831_9742,4831,9742,966300.0,1948500.0
4832_9711,4832,9711,966500.0,1942300.0
4832_9712,4832,9712,966500.0,1942500.0
4832_9715,4832,9715,966500.0,1943100.0
4832_9716,4832,9716,966500.0,1943300.0
4832_9717,4832,9717,966500.0,1943500.0
4832_9719,4832,9719,966500.0,1943900.0
4832_9720,4832,9720,966500.0,1944100.0
4832_9721,4832,9721,966500.0,1944300.0
4832_9722,4832,9722,966500.0,1944500.0
4832_9726,4832,9726,966500.0,1945300.0
4832_9727,4832,9727,966500.0,1945500.0
4832_9728,4832,9728,966500.0,1945700.0
4832_9729,4832,9729,966500.0,1945900.0
4832_9730,4832,9730,966500.0,1946100.0
4832_9738,4832,9738,966500.0,1947700.0
4832_9739,4832,9739,966500.0,1947900.0
4832_9740,4832,9740,966500.0,1948100.0
4833_9711,4833,9711,966700.0,1942300.0
4833_9712,4833,9712,966700.0,1942500.0
4833_9713,4833,9713,966700.0,1942700.0
4833_9714,4833,9714,966700.0,1942900.0
4833_9717,4833,9717,966700.0,1943500.0
4833_9721,4833,9721,966700.0,1944300.0
4833_9723,4833,9723,966700.0,1944700.0
4833_9727,4833,9727,966700.0,1945500.0
4833_9738,4833,9738,966700.0,1947700.0
4833_9740,4833,9740,966700.0,1948100.0
4834_9713,4834,9713,966900.0,1942700.0
4834_9716,4834,9716,966900.0,1943300.0
4834_9717,4834,9717,966900.0,1943500.0
4834_9720,4834,9720,966900.0,1944100.0
4834_9729,4834,9729,966900.0,1945900.0
4834_9731,4834,9731,966900.0,1946300.0
4834_9737,4834,9737,966900.0,1947500.0
4834_9739,4834,9739,966900.0,1947900.0
4834_9742,4834,9742,966900.0,1948500.0
4834_9743,4834,9743,966900.0,1948700.0
4834_9747,4834,9747,966900.0,1949500.0
4834_9750,4834,9750,966900.0,1950100.0
4834_9751,4834,9751,966900.0,1950300.0
4835_9713,4835,9713,967100.0,1942700.0
4835_9726,4835,9726,967100.0,1945300.0
4835_9728,4835,9728,967100.0,1945700.0
4835_9729,4835,9729,967100.0,1945900.0
4835_9738,4835,9738,967100.0,1947700.0
4835_9739,4835,9739,967100.0,1947900.0
4835_9742,4835,9742,967100.0,1948500.0
4835_9743,4835,9743,967100.0,1948700.0
4836_9726,4836,9726,967300.0,1945300.0
4836_9735,4836,9735,967300.0,1947100.0
4836_9736,4836,9736,967300.0,1947300.0
4836_9737,4836,9737,967300.0,1947500.0
4836_9738,4836,9738,967300.0,1947700.0
4836_9739,4836,9739,967300.0,1947900.0
4836_9742,4836,9742,967300.0,1948500.0
4837_9710,4837,9710,967500.0,1942100.0
4837_9714,4837,9714,967500.0,1942900.0
4837_9715,4837,9715,967500.0,1943100.0
4837_9719,4837,9719,967500.0,1943900.0
4837_9720,4837,9720,967500.0,1944100.0
4837_9721,4837,9721,967500.0,1944300.0
4837_9727,4837,9727,967500.0,1945500.0
4837_9728,4837,9728,967500.0,1945700.0
4837_9732,4837,9732,967500.0,1946500.0
4837_9735,4837,9735,967500.0,1947100.0
4837_9736,4837,9736,967500.0,1947300.0
4837_9738,4837,9738,967500.0,1947700.0
4838_9719,4838,9719,967700.0,1943900.0
4838_9722,4838,9722,967700.0,1944500.0
4838_9727,4838,9727,967700.0,1945500.0
4838_9735,4838,9735,967700.0,1947100.0
4838_9737,4838,9737,967700.0,1947500.0
4838_9739,4838,9739,967700.0,1947900.0
4838_9741,4838,9741,967700.0,1948300.0
4838_9742,4838,9742,967700.0,1948500.0
4838_9752,4838,9752,967700.0,1950500.0
4839_9710,4839,9710,967900.0,1942100.0
4839_9722,4839,9722,967900.0,1944500.0
4839_9733,4839,9733,967900.0,1946700.0
4839_9738,4839,9738,967900.0,1947700.0
4839_9748,4839,9748,967900.0,1949700.0
4839_9754,4839,9754,967900.0,1950900.0
4840_9710,4840,9710,968100.0,1942100.0
4840_9712,4840,9712,968100.0,1942500.0
4840_9719,4840,9719,968100.0,1943900.0
4840_9721,4840,9721,968100.0,1944300.0
4840_9722,4840,9722,968100.0,1944500.0
4840_9723,4840,9723,968100.0,1944700.0
4840_9726,4840,9726,968100.0,1945300.0
4840_9738,4840,9738,968100.0,1947700.0
4840_9739,4840,9739,968100.0,1947900.0
4840_9741,4840,9741,968100.0,1948300.0
4840_9744,4840,9744,968100.0,1948900.0
4840_9754,4840,9754,968100.0,1950900.0
4841_9708,4841,9708,968300.0,1941700.0
4841_9709,4841,9709,968300.0,1941900.0
4841_9710,4841,9710,968300.0,1942100.0
4841_9711,4841,9711,968300.0,1942300.0
4841_9712,4841,9712,968300.0,1942500.0
4841_9714,4841,9714,968300.0,1942900.0
4841_9715,4841,9715,968300.0,1943100.0
4841_9720,4841,9720,968300.0,1944100.0
4841_9721,4841,9721,968300.0,1944300.0
4841_9724,4841,9724,968300.0,1944900.0
4841_9738,4841,9738,968300.0,1947700.0
4841_9743,4841,9743,968300.0,1948700.0
4841_9745,4841,9745,968300.0,1949100.0
4841_9753,4841,9753,968300.0,1950700.0
4842_9709,4842,9709,968500.0,1941900.0
4842_9711,4842,9711,968500.0,1942300.0
4842_9717,4842,9717,968500.0,1943500.0
4842_9718,4842,9718,968500.0,1943700.0
4842_9719,4842,9719,968500.0,1943900.0
4842_9720,4842,9720,968500.0,1944100.0
4842_9724,4842,9724,968500.0,1944900.0
4842_9742,4842,9742,968500.0,1948500.0
4843_9716,4843,9716,968700.0,1943300.0
4843_9717,4843,9717,968700.0,1943500.0
4843_9718,4843,9718,968700.0,1943700.0
4843_9721,4843,9721,968700.0,1944300.0
4843_9723,4843,9723,968700.0,1944700.0
4843_9738,4843,9738,968700.0,1947700.0
4843_9742,4843,9742,968700.0,1948500.0
4843_9744,4843,9744,968700.0,1948900.0
4843_9752,4843,9752,968700.0,1950500.0
4844_9715,4844,9715,968900.0,1943100.0
4844_9722,4844,9722,968900.0,1944500.0
4844_9723,4844,9723,968900.0,1944700.0
4844_9745,4844,9745,968900.0,1949100.0
4844_9747,4844,9747,968900.0,1949500.0
4845_9718,4845,9718,969100.0,1943700.0
4845_9720,4845,9720,969100.0,1944100.0
4845_9746,4845,9746,969100.0,1949300.0
4846_9720,4846,9720,969300.0,1944100.0
4846_9748,4846,9748,969300.0,1949700.0
4846_9750,4846,9750,969300.0,1950100.0
4846_9751,4846,9751,969300.0,1950300.0
4847_9718,4847,9718,969500.0,1943700.0
4847_9720,4847,9720,969500.0,1944100.0
4847_9721,4847,9721,969500.0,1944300.0
4847_9723,4847,9723,969500.0,1944700.0
4848_9717,4848,9717,969700.0,1943500.0
4848_9718,4848,9718,969700.0,1943700.0
4848_9719,4848,9719,969700.0,1943900.0
4848_9720,4848,9720,969700.0,1944100.0
4848_9721,4848,9721,969700.0,1944300.0
4848_9722,4848,9722,969700.0,1944500.0
4848_9759,4848,9759,969700.0,1951900.0
4849_9719,4849,9719,969900.0,1943900.0
4849_9720,4849,9720,969900.0,1944100.0
4849_9745,4849,9745,969900.0,1949100.0
4849_9758,4849,9758,969900.0,1951700.0
4849_9759,4849,9759,969900.0,1951900.0
4849_9760,4849,9760,969900.0,1952100.0
4853_9757,4853,9757,970700.0,1951500.0
4854_9750,4854,9750,970900.0,1950100.0
4854_9755,4854,9755,970900.0,1951100.0
4855_9750,4855,9750,971100.0,1950100.0
4855_9751,4855,9751,971100.0,1950300.0
4855_9758,4855,9758,971100.0,1951700.0
4855_9759,4855,9759,971100.0,1951900.0
4855_9761,4855,9761,971100.0,1952300.0
4855_9764,4855,9764,971100.0,1952900.0
4856_9750,4856,9750,971300.0,1950100.0
4857_9759,4857,9759,971500.0,1951900.0
4858_9755,4858,9755,971700.0,1951100.0
