month,grid_id,count
12,4805_9724,83
12,4803_9730,79
12,4807_9722,49
12,4804_9721,34
12,4796_9719,24
12,4795_9736,23
12,4798_9723,22
12,4807_9721,22
12,4797_9719,21
12,4734_9754,20
12,4799_9716,20
12,4724_9739,19
12,4731_9714,19
12,4755_9747,19
12,4735_9754,18
12,4789_9734,18
12,4793_9729,18
12,4727_9736,17
12,4799_9729,17
12,4803_9724,17
12,4804_9727,17
12,4788_9735,16
12,4789_9736,16
12,4718_9757,15
12,4740_9753,15
12,4743_9750,15
12,4747_9753,15
12,4798_9736,15
12,4706_9759,14
12,4711_9758,14
12,4719_9745,14
12,4742_9749,14
12,4744_9752,14
12,4792_9734,14
12,4798_9709,14
12,4803_9726,14
12,4803_9728,14
12,4711_9756,13
12,4748_9779,13
12,4760_9716,13
12,4794_9725,13
12,4804_9728,13
12,4830_9712,13
12,4837_9735,13
12,4855_9758,13
12,4718_9753,12
12,4726_9745,12
12,4744_9771,12
12,4746_9753,12
12,4748_9714,12
12,4793_9730,12
12,4794_9703,12
12,4799_9737,12
12,4744_9719,11
12,4745_9755,11
12,4746_9749,11
12,4747_9717,11
12,4747_9754,11
12,4795_9729,11
12,4802_9731,11
12,4806_9719,11
12,4854_9750,11
12,4704_9762,10
12,4724_9745,10
12,4727_9722,10
12,4740_9752,10
12,4745_9724,10
12,4750_9789,10
12,4754_9758,10
12,4804_9729,10
12,4812_9806,10
12,4814_9805,10
12,4832_9720,10
12,4834_9717,10
12,4707_9760,9
12,4744_9750,9
12,4744_9751,9
12,4746_9783,9
12,4749_9707,9
12,4750_9755,9
12,4753_9711,9
12,4792_9715,9
12,4795_9722,9
12,4836_9736,9
12,4842_9709,9
12,4701_9744,8
12,4714_9756,8
12,4721_9742,8
12,4724_9740,8
12,4727_9715,8
12,4736_9752,8
12,4738_9755,8
12,4739_9751,8
12,4739_9754,8
12,4741_9778,8
12,4743_9713,8
12,4743_9784,8
12,4744_9789,8
12,4745_9752,8
12,4750_9763,8
12,4752_9713,8
12,4752_9750,8
12,4755_9748,8
12,4757_9712,8
12,4760_9721,8
12,4792_9725,8
12,4793_9718,8
12,4798_9719,8
12,4803_9727,8
12,4831_9720,8
12,4842_9720,8
12,4704_9756,7
12,4705_9757,7
12,4705_9759,7
12,4706_9758,7
12,4710_9757,7
12,4712_9762,7
12,4716_9756,7
12,4717_9754,7
12,4723_9737,7
12,4734_9717,7
12,4734_9720,7
12,4737_9755,7
12,4739_9778,7
12,4742_9802,7
12,4743_9752,7
12,4745_9779,7
12,4747_9779,7
12,4748_9760,7
12,4750_9756,7
12,4753_9722,7
12,4754_9711,7
12,4755_9750,7
12,4757_9713,7
12,4759_9719,7
12,4789_9732,7
12,4793_9737,7
12,4795_9720,7
12,4795_9724,7
12,4797_9724,7
12,4798_9724,7
12,4799_9808,7
12,4802_9721,7
12,4806_9814,7
12,4838_9735,7
12,4841_9709,7
12,4848_9719,7
12,4702_9761,6
12,4703_9760,6
12,4706_9757,6
12,4708_9757,6
12,4712_9756,6
12,4712_9761,6
12,4720_9741,6
12,4723_9743,6
12,4725_9738,6
12,4725_9745,6
12,4726_9744,6
12,4728_9736,6
12,4733_9713,6
12,4733_9755,6
12,4737_9752,6
12,4740_9751,6
12,4740_9764,6
12,4742_9773,6
12,4742_9778,6
12,4745_9719,6
12,4745_9754,6
12,4745_9787,6
12,4745_9802,6
12,4746_9714,6
12,4746_9787,6
12,4748_9715,6
12,4749_9718,6
12,4755_9711,6
12,4755_9772,6
12,4756_9711,6
12,4756_9725,6
12,4758_9713,6
12,4760_9711,6
12,4770_9710,6
12,4788_9733,6
12,4794_9701,6
12,4794_9704,6
12,4794_9718,6
12,4794_9738,6
12,4800_9816,6
12,4805_9733,6
12,4807_9731,6
12,4814_9728,6
12,4832_9717,6
12,4832_9721,6
12,4833_9740,6
12,4836_9739,6
12,4707_9758,5
12,4709_9753,5
12,4709_9762,5
12,4712_9758,5
12,4713_9751,5
12,4713_9752,5
12,4713_9758,5
12,4714_9759,5
12,4715_9755,5
12,4716_9755,5
12,4716_9758,5
12,4718_9755,5
12,4719_9754,5
12,4720_9752,5
12,4721_9735,5
12,4721_9737,5
12,4722_9740,5
12,4723_9739,5
12,4732_9770,5
12,4733_9722,5
12,4735_9753,5
12,4736_9755,5
12,4736_9758,5
12,4738_9752,5
12,4738_9754,5
12,4738_9774,5
12,4739_9779,5
12,4740_9786,5
12,4741_9750,5
12,4742_9750,5
12,4744_9778,5
12,4744_9788,5
12,4745_9718,5
12,4745_9749,5
12,4745_9775,5
12,4745_9781,5
12,4746_9719,5
12,4746_9769,5
12,4749_9728,5
12,4750_9750,5
12,4751_9730,5
12,4753_9714,5
12,4754_9746,5
12,4755_9751,5
12,4756_9718,5
12,4758_9721,5
12,4760_9722,5
12,4762_9710,5
12,4763_9709,5
12,4764_9713,5
12,4771_9716,5
12,4788_9731,5
12,4789_9731,5
12,4791_9715,5
12,4792_9724,5
12,4793_9725,5
12,4794_9714,5
12,4794_9804,5
12,4795_9738,5
12,4796_9806,5
12,4797_9710,5
12,4801_9724,5
12,4805_9725,5
12,4807_9723,5
12,4808_9724,5
12,4811_9808,5
12,4811_9809,5
12,4812_9803,5
12,4824_9724,5
12,4825_9729,5
12,4832_9712,5
12,4833_9712,5
12,4836_9742,5
12,4839_9738,5
12,4843_9717,5
12,4843_9738,5
12,4698_9753,4
12,4702_9762,4
12,4704_9757,4
12,4706_9756,4
12,4707_9751,4
12,4709_9759,4
12,4710_9759,4
12,4712_9757,4
12,4713_9741,4
12,4717_9755,4
12,4721_9738,4
12,4723_9742,4
12,4725_9744,4
12,4728_9711,4
12,4728_9732,4
12,4730_9721,4
12,4731_9713,4
12,4732_9713,4
12,4732_9714,4
12,4732_9740,4
12,4733_9715,4
12,4733_9720,4
12,4734_9696,4
12,4734_9721,4
12,4734_9755,4
12,4740_9783,4
12,4740_9784,4
12,4741_9775,4
12,4742_9785,4
12,4743_9798,4
12,4744_9777,4
12,4744_9798,4
12,4746_9716,4
12,4746_9770,4
12,4746_9782,4
12,4747_9784,4
12,4748_9762,4
12,4749_9711,4
12,4749_9714,4
12,4749_9726,4
12,4749_9782,4
12,4749_9783,4
12,4750_9709,4
12,4751_9750,4
12,4751_9751,4
12,4751_9755,4
12,4751_9799,4
12,4752_9712,4
12,4752_9715,4
12,4753_9715,4
12,4753_9725,4
12,4753_9730,4
12,4754_9719,4
12,4754_9725,4
12,4755_9755,4
12,4756_9705,4
12,4757_9727,4
12,4758_9724,4
12,4760_9713,4
12,4761_9723,4
12,4762_9727,4
12,4764_9726,4
12,4766_9714,4
12,4768_9719,4
12,4770_9715,4
12,4789_9719,4
12,4790_9720,4
12,4790_9722,4
12,4791_9718,4
12,4791_9720,4
12,4792_9735,4
12,4794_9702,4
12,4794_9709,4
12,4794_9711,4
12,4794_9737,4
12,4796_9724,4
12,4797_9708,4
12,4797_9712,4
12,4797_9735,4
12,4799_9714,4
12,4799_9809,4
12,4800_9717,4
12,4800_9814,4
12,4803_9729,4
12,4808_9813,4
12,4812_9721,4
12,4812_9729,4
12,4812_9793,4
12,4813_9805,4
12,4829_9713,4
12,4829_9725,4
12,4830_9739,4
12,4831_9740,4
12,4832_9719,4
12,4835_9738,4
12,4836_9737,4
12,4837_9728,4
12,4838_9727,4
12,4843_9721,4
12,4848_9759,4
12,4699_9754,3
12,4701_9745,3
12,4703_9762,3
12,4704_9759,3
12,4707_9759,3
12,4707_9763,3
12,4708_9758,3
12,4708_9760,3
12,4709_9754,3
12,4709_9756,3
12,4709_9758,3
12,4709_9761,3
12,4710_9741,3
12,4710_9758,3
12,4711_9759,3
12,4712_9746,3
12,4712_9760,3
12,4713_9753,3
12,4713_9754,3
12,4713_9761,3
12,4714_9752,3
12,4714_9758,3
12,4717_9753,3
12,4717_9757,3
12,4719_9741,3
12,4719_9746,3
12,4721_9751,3
12,4722_9738,3
12,4722_9741,3
12,4723_9752,3
12,4724_9736,3
12,4725_9740,3
12,4727_9718,3
12,4727_9721,3
12,4728_9725,3
12,4729_9717,3
12,4729_9732,3
12,4730_9703,3
12,4730_9705,3
12,4730_9720,3
12,4731_9715,3
12,4732_9700,3
12,4732_9715,3
12,4732_9727,3
12,4732_9744,3
12,4733_9728,3
12,4734_9729,3
12,4735_9722,3
12,4736_9714,3
12,4737_9757,3
12,4738_9776,3
12,4739_9713,3
12,4739_9755,3
12,4739_9764,3
12,4740_9713,3
12,4740_9750,3
12,4740_9770,3
12,4740_9773,3
12,4741_9714,3
12,4741_9715,3
12,4741_9764,3
12,4742_9713,3
12,4742_9715,3
12,4742_9755,3
12,4742_9790,3
12,4742_9791,3
12,4743_9776,3
12,4743_9783,3
12,4743_9785,3
12,4744_9722,3
12,4744_9790,3
12,4745_9714,3
12,4745_9715,3
12,4745_9748,3
12,4745_9770,3
12,4745_9785,3
12,4746_9713,3
12,4746_9780,3
12,4746_9786,3
12,4747_9715,3
12,4747_9718,3
12,4747_9722,3
12,4747_9728,3
12,4747_9759,3
12,4747_9769,3
12,4747_9780,3
12,4747_9781,3
12,4748_9716,3
12,4748_9729,3
12,4749_9730,3
12,4749_9731,3
12,4749_9761,3
12,4749_9768,3
12,4750_9715,3
12,4750_9726,3
12,4750_9747,3
12,4750_9762,3
12,4750_9778,3
12,4751_9710,3
12,4751_9756,3
12,4751_9763,3
12,4752_9714,3
12,4752_9725,3
12,4752_9751,3
12,4752_9755,3
12,4753_9709,3
12,4753_9712,3
12,4753_9713,3
12,4753_9726,3
12,4753_9751,3
12,4753_9756,3
12,4753_9757,3
12,4754_9710,3
12,4754_9713,3
12,4754_9729,3
12,4754_9749,3
12,4754_9751,3
12,4755_9749,3
12,4755_9760,3
12,4755_9774,3
12,4756_9742,3
12,4757_9722,3
12,4758_9730,3
12,4759_9714,3
12,4760_9746,3
12,4761_9708,3
12,4761_9719,3
12,4761_9727,3
12,4762_9708,3
12,4763_9706,3
12,4764_9706,3
12,4764_9707,3
12,4765_9719,3
12,4776_9716,3
12,4788_9730,3
12,4790_9731,3
12,4791_9733,3
12,4792_9729,3
12,4793_9715,3
12,4793_9717,3
12,4793_9724,3
12,4794_9708,3
12,4795_9701,3
12,4795_9711,3
12,4798_9708,3
12,4798_9712,3
12,4798_9713,3
12,4798_9739,3
12,4799_9717,3
12,4799_9724,3
12,4799_9736,3
12,4799_9815,3
12,4799_9817,3
12,4800_9820,3
12,4801_9729,3
12,4802_9727,3
12,4803_9725,3
12,4803_9823,3
12,4804_9724,3
12,4805_9805,3
12,4805_9807,3
12,4806_9727,3
12,4806_9733,3
12,4807_9807,3
12,4808_9728,3
12,4809_9813,3
12,4810_9812,3
12,4812_9800,3
12,4815_9804,3
12,4816_9727,3
12,4819_9724,3
12,4826_9729,3
12,4827_9729,3
12,4831_9721,3
12,4832_9728,3
12,4832_9738,3
12,4833_9713,3
12,4833_9714,3
12,4836_9735,3
12,4837_9727,3
12,4841_9708,3
12,4841_9710,3
12,4841_9715,3
12,4843_9716,3
12,4846_9720,3
12,4847_9721,3
12,4853_9757,3
12,4855_9759,3
12,4856_9750,3
12,4692_9763,2
12,4693_9762,2
12,4696_9761,2
12,4696_9767,2
12,4700_9763,2
12,4701_9750,2
12,4702_9745,2
12,4704_9730,2
12,4704_9742,2
12,4705_9717,2
12,4705_9758,2
12,4706_9743,2
12,4707_9757,2
12,4707_9761,2
12,4708_9741,2
12,4708_9748,2
12,4708_9756,2
12,4708_9763,2
12,4709_9750,2
12,4709_9760,2
12,4710_9739,2
12,4710_9742,2
12,4710_9747,2
12,4710_9749,2
12,4710_9751,2
12,4710_9756,2
12,4710_9762,2
12,4710_9763,2
12,4711_9744,2
12,4711_9750,2
12,4711_9760,2
12,4712_9750,2
12,4712_9755,2
12,4713_9744,2
12,4713_9745,2
12,4713_9755,2
12,4714_9753,2
12,4715_9744,2
12,4715_9754,2
12,4718_9741,2
12,4718_9744,2
12,4719_9755,2
12,4720_9742,2
12,4720_9745,2
12,4720_9753,2
12,4720_9755,2
12,4721_9732,2
12,4721_9734,2
12,4721_9736,2
12,4723_9731,2
12,4723_9740,2
12,4723_9741,2
12,4723_9745,2
12,4724_9724,2
12,4724_9727,2
12,4725_9726,2
12,4726_9718,2
12,4726_9730,2
12,4727_9719,2
12,4727_9733,2
12,4727_9734,2
12,4727_9746,2
12,4728_9737,2
12,4728_9767,2
12,4728_9769,2
12,4729_9709,2
12,4729_9715,2
12,4729_9733,2
12,4729_9735,2
12,4730_9704,2
12,4730_9709,2
12,4730_9714,2
12,4730_9722,2
12,4730_9725,2
12,4730_9732,2
12,4730_9736,2
12,4731_9704,2
12,4731_9708,2
12,4731_9743,2
12,4732_9706,2
12,4732_9723,2
12,4732_9728,2
12,4732_9730,2
12,4732_9766,2
12,4733_9703,2
12,4733_9710,2
12,4733_9724,2
12,4733_9730,2
12,4734_9765,2
12,4735_9704,2
12,4735_9729,2
12,4735_9741,2
12,4736_9693,2
12,4736_9757,2
12,4736_9759,2
12,4737_9694,2
12,4737_9710,2
12,4737_9715,2
12,4737_9716,2
12,4737_9717,2
12,4737_9721,2
12,4738_9705,2
12,4738_9713,2
12,4738_9719,2
12,4738_9726,2
12,4738_9770,2
12,4739_9716,2
12,4739_9753,2
12,4739_9776,2
12,4739_9783,2
12,4740_9715,2
12,4740_9716,2
12,4740_9723,2
12,4740_9758,2
12,4740_9762,2
12,4740_9768,2
12,4740_9769,2
12,4740_9777,2
12,4740_9785,2
12,4740_9787,2
12,4741_9773,2
12,4741_9776,2
12,4742_9708,2
12,4742_9730,2
12,4742_9762,2
12,4742_9767,2
12,4742_9777,2
12,4742_9784,2
12,4743_9723,2
12,4743_9748,2
12,4743_9751,2
12,4743_9762,2
12,4743_9764,2
12,4743_9766,2
12,4743_9772,2
12,4743_9775,2
12,4743_9777,2
12,4743_9792,2
12,4743_9793,2
12,4743_9800,2
12,4744_9772,2
12,4744_9779,2
12,4744_9783,2
12,4744_9793,2
12,4745_9716,2
12,4745_9722,2
12,4745_9726,2
12,4745_9751,2
12,4745_9771,2
12,4745_9776,2
12,4745_9780,2
12,4745_9788,2
12,4745_9789,2
12,4745_9796,2
12,4745_9798,2
12,4746_9723,2
12,4746_9724,2
12,4746_9730,2
12,4746_9755,2
12,4746_9765,2
12,4746_9779,2
12,4747_9704,2
12,4747_9711,2
12,4747_9716,2
12,4748_9748,2
12,4748_9759,2
12,4748_9765,2
12,4749_9705,2
12,4749_9706,2
12,4749_9716,2
12,4749_9727,2
12,4749_9748,2
12,4749_9779,2
12,4750_9706,2
12,4750_9707,2
12,4750_9724,2
12,4750_9760,2
12,4750_9768,2
12,4750_9771,2
12,4750_9779,2
12,4750_9781,2
12,4751_9714,2
12,4751_9749,2
12,4752_9716,2
12,4752_9748,2
12,4752_9756,2
12,4753_9717,2
12,4753_9746,2
12,4753_9749,2
12,4754_9724,2
12,4754_9750,2
12,4754_9755,2
12,4754_9772,2
12,4755_9713,2
12,4755_9714,2
12,4755_9721,2
12,4755_9728,2
12,4755_9730,2
12,4756_9712,2
12,4756_9714,2
12,4756_9715,2
12,4756_9721,2
12,4756_9722,2
12,4757_9711,2
12,4757_9716,2
12,4757_9726,2
12,4757_9728,2
12,4757_9729,2
12,4757_9748,2
12,4758_9710,2
12,4758_9711,2
12,4758_9712,2
12,4758_9715,2
12,4758_9717,2
12,4758_9749,2
12,4758_9752,2
12,4759_9715,2
12,4759_9720,2
12,4759_9729,2
12,4760_9720,2
12,4760_9745,2
12,4762_9712,2
12,4762_9756,2
12,4763_9711,2
12,4763_9764,2
12,4766_9715,2
12,4770_9712,2
12,4771_9718,2
12,4788_9732,2
12,4788_9736,2
12,4789_9722,2
12,4789_9805,2
12,4790_9719,2
12,4790_9723,2
12,4791_9705,2
12,4791_9719,2
12,4791_9734,2
12,4791_9736,2
12,4791_9737,2
12,4791_9804,2
12,4792_9707,2
12,4792_9718,2
12,4792_9814,2
12,4793_9711,2
12,4793_9812,2
12,4794_9710,2
12,4794_9715,2
12,4794_9727,2
12,4794_9805,2
12,4794_9806,2
12,4796_9706,2
12,4796_9707,2
12,4796_9720,2
12,4796_9723,2
12,4796_9725,2
12,4796_9728,2
12,4797_9707,2
12,4797_9709,2
12,4797_9737,2
12,4798_9722,2
12,4799_9709,2
12,4799_9715,2
12,4799_9813,2
12,4799_9816,2
12,4799_9822,2
12,4800_9729,2
12,4800_9817,2
12,4801_9730,2
12,4802_9720,2
12,4802_9725,2
12,4802_9822,2
12,4803_9721,2
12,4804_9808,2
12,4804_9814,2
12,4806_9720,2
12,4806_9725,2
12,4806_9800,2
12,4806_9805,2
12,4806_9810,2
12,4806_9811,2
12,4806_9816,2
12,4807_9785,2
12,4807_9814,2
12,4808_9806,2
12,4809_9815,2
12,4810_9721,2
12,4810_9799,2
12,4811_9758,2
12,4811_9811,2
12,4812_9788,2
12,4813_9729,2
12,4813_9793,2
12,4813_9813,2
12,4814_9791,2
12,4814_9799,2
12,4814_9800,2
12,4815_9726,2
12,4815_9729,2
12,4815_9731,2
12,4816_9791,2
12,4817_9791,2
12,4820_9724,2
12,4824_9727,2
12,4826_9802,2
12,4827_9720,2
12,4827_9723,2
12,4827_9726,2
12,4828_9800,2
12,4829_9722,2
12,4829_9741,2
12,4830_9720,2
12,4830_9727,2
12,4831_9722,2
12,4831_9725,2
12,4831_9728,2
12,4831_9731,2
12,4831_9738,2
12,4832_9711,2
12,4832_9715,2
12,4832_9722,2
12,4832_9727,2
12,4832_9729,2
12,4832_9740,2
12,4834_9739,2
12,4834_9750,2
12,4835_9729,2
12,4837_9710,2
12,4837_9715,2
12,4837_9736,2
12,4837_9738,2
12,4838_9742,2
12,4839_9710,2
12,4839_9748,2
12,4840_9754,2
12,4841_9721,2
12,4841_9745,2
12,4843_9718,2
12,4843_9742,2
12,4843_9744,2
12,4843_9752,2
12,4844_9723,2
12,4845_9718,2
12,4847_9718,2
12,4848_9721,2
12,4849_9720,2
12,4849_9759,2
12,4857_9759,2
12,4858_9755,2
12,4693_9763,1
12,4695_9764,1
12,4696_9764,1
12,4696_9765,1
12,4698_9752,1
12,4698_9754,1
12,4699_9749,1
12,4699_9764,1
12,4700_9751,1
12,4700_9752,1
12,4701_9713,1
12,4701_9746,1
12,4701_9752,1
12,4702_9744,1
12,4703_9742,1
12,4703_9743,1
12,4703_9744,1
12,4703_9745,1
12,4703_9757,1
12,4703_9758,1
12,4703_9764,1
12,4704_9743,1
12,4704_9753,1
12,4705_9745,1
12,4705_9751,1
12,4706_9745,1
12,4706_9751,1
12,4706_9752,1
12,4706_9753,1
12,4706_9760,1
12,4707_9741,1
12,4707_9752,1
12,4707_9754,1
12,4708_9717,1
12,4708_9718,1
12,4708_9753,1
12,4708_9754,1
12,4708_9759,1
12,4708_9762,1
12,4709_9722,1
12,4709_9739,1
12,4709_9752,1
12,4710_9713,1
12,4710_9740,1
12,4710_9745,1
12,4710_9746,1
12,4710_9760,1
12,4711_9742,1
12,4711_9743,1
12,4711_9745,1
12,4711_9746,1
12,4711_9747,1
12,4711_9753,1
12,4711_9755,1
12,4711_9762,1
12,4712_9738,1
12,4712_9739,1
12,4712_9749,1
12,4713_9756,1
12,4713_9757,1
12,4714_9744,1
12,4714_9755,1
12,4714_9760,1
12,4715_9742,1
12,4715_9743,1
12,4715_9752,1
12,4716_9744,1
12,4716_9754,1
12,4716_9757,1
12,4717_9727,1
12,4717_9739,1
12,4718_9739,1
12,4718_9743,1
12,4718_9754,1
12,4718_9756,1
12,4719_9735,1
12,4719_9742,1
12,4719_9744,1
12,4719_9752,1
12,4719_9753,1
12,4719_9756,1
12,4719_9757,1
12,4720_9723,1
12,4721_9739,1
12,4721_9741,1
12,4721_9743,1
12,4721_9754,1
12,4721_9755,1
12,4722_9744,1
12,4722_9751,1
12,4722_9752,1
12,4722_9753,1
12,4723_9751,1
12,4724_9717,1
12,4724_9722,1
12,4724_9737,1
12,4724_9741,1
12,4724_9742,1
12,4724_9750,1
12,4724_9751,1
12,4725_9724,1
12,4725_9739,1
12,4725_9743,1
12,4726_9709,1
12,4726_9729,1
12,4726_9766,1
12,4726_9767,1
12,4726_9768,1
12,4727_9706,1
12,4727_9712,1
12,4727_9723,1
12,4727_9724,1
12,4727_9726,1
12,4727_9729,1
12,4727_9731,1
12,4727_9744,1
12,4727_9745,1
12,4727_9766,1
12,4728_9709,1
12,4728_9710,1
12,4728_9719,1
12,4728_9723,1
12,4728_9729,1
12,4728_9733,1
12,4728_9734,1
12,4728_9735,1
12,4728_9744,1
12,4728_9768,1
12,4729_9704,1
12,4729_9705,1
12,4729_9716,1
12,4729_9720,1
12,4729_9721,1
12,4729_9724,1
12,4729_9726,1
12,4729_9734,1
12,4729_9737,1
12,4729_9766,1
12,4729_9767,1
12,4730_9711,1
12,4730_9717,1
12,4730_9730,1
12,4730_9735,1
12,4730_9763,1
12,4730_9765,1
12,4731_9702,1
12,4731_9703,1
12,4731_9710,1
12,4731_9712,1
12,4731_9720,1
12,4731_9722,1
12,4731_9725,1
12,4731_9728,1
12,4731_9731,1
12,4731_9733,1
12,4731_9766,1
12,4731_9768,1
12,4732_9698,1
12,4732_9699,1
12,4732_9707,1
12,4732_9716,1
12,4732_9722,1
12,4732_9725,1
12,4732_9726,1
12,4732_9731,1
12,4732_9733,1
12,4732_9734,1
12,4732_9737,1
12,4732_9739,1
12,4732_9745,1
12,4732_9767,1
12,4733_9714,1
12,4733_9725,1
12,4733_9726,1
12,4733_9727,1
12,4733_9731,1
12,4733_9735,1
12,4733_9740,1
12,4733_9741,1
12,4734_9704,1
12,4734_9714,1
12,4734_9716,1
12,4734_9732,1
12,4734_9736,1
12,4734_9756,1
12,4735_9693,1
12,4735_9694,1
12,4735_9696,1
12,4735_9711,1
12,4735_9721,1
12,4735_9727,1
12,4735_9728,1
12,4735_9755,1
12,4736_9694,1
12,4736_9695,1
12,4736_9708,1
12,4736_9712,1
12,4736_9713,1
12,4736_9715,1
12,4736_9717,1
12,4736_9719,1
12,4736_9723,1
12,4736_9724,1
12,4736_9729,1
12,4736_9737,1
12,4736_9738,1
12,4737_9706,1
12,4737_9708,1
12,4737_9720,1
12,4737_9725,1
12,4737_9727,1
12,4737_9734,1
12,4737_9739,1
12,4737_9751,1
12,4737_9758,1
12,4737_9759,1
12,4737_9764,1
12,4737_9770,1
12,4737_9773,1
12,4737_9774,1
12,4738_9698,1
12,4738_9700,1
12,4738_9712,1
12,4738_9714,1
12,4738_9715,1
12,4738_9716,1
12,4738_9720,1
12,4738_9733,1
12,4738_9738,1
12,4738_9750,1
12,4738_9751,1
12,4738_9753,1
12,4738_9765,1
12,4738_9767,1
12,4738_9783,1
12,4739_9712,1
12,4739_9714,1
12,4739_9750,1
12,4739_9773,1
12,4739_9781,1
12,4739_9785,1
12,4739_9787,1
12,4740_9710,1
12,4740_9749,1
12,4740_9755,1
12,4740_9763,1
12,4740_9767,1
12,4740_9772,1
12,4741_9713,1
12,4741_9722,1
12,4741_9729,1
12,4741_9731,1
12,4741_9752,1
12,4741_9753,1
12,4741_9761,1
12,4741_9767,1
12,4741_9774,1
12,4741_9779,1
12,4741_9781,1
12,4741_9782,1
12,4741_9786,1
12,4741_9787,1
12,4741_9788,1
12,4741_9790,1
12,4742_9716,1
12,4742_9717,1
12,4742_9719,1
12,4742_9722,1
12,4742_9753,1
12,4742_9754,1
12,4742_9765,1
12,4742_9775,1
12,4742_9779,1
12,4742_9783,1
12,4742_9789,1
12,4742_9801,1
12,4743_9705,1
12,4743_9707,1
12,4743_9708,1
12,4743_9714,1
12,4743_9717,1
12,4743_9719,1
12,4743_9722,1
12,4743_9749,1
12,4743_9761,1
12,4743_9765,1
12,4743_9768,1
12,4743_9774,1
12,4743_9778,1
12,4743_9782,1
12,4743_9786,1
12,4743_9787,1
12,4743_9799,1
12,4744_9714,1
12,4744_9715,1
12,4744_9716,1
12,4744_9723,1
12,4744_9748,1
12,4744_9776,1
12,4744_9782,1
12,4744_9784,1
12,4745_9713,1
12,4745_9717,1
12,4745_9723,1
12,4745_9727,1
12,4745_9735,1
12,4745_9737,1
12,4745_9756,1
12,4745_9757,1
12,4745_9772,1
12,4745_9778,1
12,4745_9782,1
12,4745_9792,1
12,4746_9711,1
12,4746_9717,1
12,4746_9718,1
12,4746_9720,1
12,4746_9721,1
12,4746_9722,1
12,4746_9727,1
12,4746_9728,1
12,4746_9729,1
12,4746_9754,1
12,4746_9760,1
12,4746_9771,1
12,4747_9720,1
12,4747_9723,1
12,4747_9724,1
12,4747_9730,1
12,4747_9748,1
12,4747_9758,1
12,4747_9760,1
12,4747_9764,1
12,4747_9768,1
12,4747_9782,1
12,4747_9785,1
12,4747_9804,1
12,4748_9703,1
12,4748_9711,1
12,4748_9712,1
12,4748_9717,1
12,4748_9718,1
12,4748_9723,1
12,4748_9730,1
12,4748_9754,1
12,4748_9780,1
12,4748_9784,1
12,4749_9717,1
12,4749_9724,1
12,4749_9733,1
12,4749_9757,1
12,4749_9762,1
12,4750_9708,1
12,4750_9710,1
12,4750_9719,1
12,4750_9746,1
12,4750_9748,1
12,4750_9754,1
12,4750_9765,1
12,4750_9770,1
12,4750_9772,1
12,4751_9706,1
12,4751_9707,1
12,4751_9709,1
12,4751_9712,1
12,4751_9726,1
12,4751_9734,1
12,4751_9746,1
12,4751_9747,1
12,4751_9753,1
12,4751_9764,1
12,4751_9769,1
12,4751_9771,1
12,4751_9772,1
12,4751_9774,1
12,4752_9710,1
12,4752_9711,1
12,4752_9718,1
12,4752_9726,1
12,4752_9727,1
12,4752_9730,1
12,4752_9747,1
12,4752_9774,1
12,4753_9706,1
12,4753_9710,1
12,4753_9718,1
12,4753_9747,1
12,4753_9750,1
12,4753_9772,1
12,4753_9773,1
12,4753_9775,1
12,4754_9712,1
12,4754_9716,1
12,4754_9717,1
12,4754_9726,1
12,4754_9745,1
12,4754_9747,1
12,4754_9748,1
12,4754_9759,1
12,4755_9706,1
12,4755_9712,1
12,4755_9717,1
12,4755_9718,1
12,4755_9724,1
12,4755_9726,1
12,4755_9753,1
12,4756_9713,1
12,4756_9716,1
12,4756_9720,1
12,4756_9724,1
12,4756_9727,1
12,4756_9745,1
12,4756_9747,1
12,4756_9750,1
12,4756_9751,1
12,4756_9760,1
12,4756_9774,1
12,4757_9709,1
12,4757_9715,1
12,4757_9721,1
12,4757_9725,1
12,4757_9730,1
12,4757_9759,1
12,4757_9768,1
12,4758_9716,1
12,4758_9723,1
12,4758_9726,1
12,4758_9729,1
12,4758_9751,1
12,4759_9712,1
12,4759_9713,1
12,4759_9721,1
12,4759_9722,1
12,4759_9744,1
12,4759_9745,1
12,4760_9712,1
12,4760_9715,1
12,4760_9719,1
12,4760_9723,1
12,4760_9741,1
12,4761_9710,1
12,4761_9711,1
12,4761_9715,1
12,4761_9728,1
12,4761_9745,1
12,4762_9711,1
12,4762_9717,1
12,4762_9718,1
12,4762_9751,1
12,4762_9752,1
12,4762_9754,1
12,4763_9708,1
12,4763_9710,1
12,4763_9724,1
12,4763_9727,1
12,4763_9751,1
12,4763_9763,1
12,4764_9708,1
12,4764_9714,1
12,4764_9727,1
12,4764_9750,1
12,4765_9717,1
12,4765_9754,1
12,4766_9756,1
12,4767_9716,1
12,4767_9717,1
12,4767_9756,1
12,4767_9764,1
12,4768_9712,1
12,4768_9713,1
12,4768_9714,1
12,4768_9715,1
12,4768_9717,1
12,4768_9754,1
12,4769_9714,1
12,4770_9716,1
12,4777_9716,1
12,4777_9718,1
12,4787_9808,1
12,4789_9718,1
12,4789_9733,1
12,4789_9735,1
12,4789_9806,1
12,4789_9810,1
12,4790_9718,1
12,4790_9732,1
12,4790_9806,1
12,4791_9805,1
12,4792_9706,1
12,4792_9708,1
12,4792_9722,1
12,4792_9723,1
12,4792_9731,1
12,4792_9732,1
12,4792_9809,1
12,4793_9709,1
12,4793_9714,1
12,4793_9719,1
12,4793_9722,1
12,4793_9728,1
12,4793_9806,1
12,4794_9716,1
12,4794_9717,1
12,4794_9801,1
12,4794_9803,1
12,4794_9812,1
12,4795_9703,1
12,4795_9717,1
12,4795_9718,1
12,4795_9802,1
12,4795_9806,1
12,4795_9807,1
12,4795_9809,1
12,4795_9811,1
12,4796_9711,1
12,4796_9809,1
12,4796_9810,1
12,4797_9714,1
12,4797_9716,1
12,4797_9721,1
12,4797_9730,1
12,4797_9732,1
12,4797_9739,1
12,4797_9807,1
12,4798_9707,1
12,4798_9710,1
12,4798_9714,1
12,4798_9721,1
12,4798_9729,1
12,4798_9730,1
12,4798_9737,1
12,4798_9807,1
12,4798_9809,1
12,4798_9810,1
12,4798_9811,1
12,4798_9813,1
12,4798_9818,1
12,4799_9707,1
12,4799_9710,1
12,4799_9719,1
12,4799_9723,1
12,4799_9738,1
12,4799_9739,1
12,4799_9806,1
12,4799_9811,1
12,4799_9814,1
12,4799_9819,1
12,4799_9820,1
12,4799_9825,1
12,4800_9708,1
12,4800_9722,1
12,4800_9724,1
12,4800_9725,1
12,4800_9734,1
12,4800_9737,1
12,4800_9738,1
12,4800_9808,1
12,4800_9824,1
12,4801_9722,1
12,4801_9723,1
12,4801_9725,1
12,4801_9726,1
12,4801_9732,1
12,4801_9734,1
12,4801_9810,1
12,4801_9814,1
12,4801_9823,1
12,4802_9722,1
12,4802_9724,1
12,4802_9730,1
12,4802_9733,1
12,4802_9818,1
12,4803_9719,1
12,4803_9732,1
12,4803_9813,1
12,4803_9817,1
12,4803_9818,1
12,4803_9824,1
12,4804_9723,1
12,4804_9726,1
12,4804_9734,1
12,4804_9805,1
12,4804_9820,1
12,4805_9722,1
12,4805_9804,1
12,4805_9808,1
12,4805_9811,1
12,4805_9816,1
12,4806_9722,1
12,4806_9732,1
12,4806_9786,1
12,4806_9809,1
12,4807_9732,1
12,4807_9801,1
12,4807_9802,1
12,4807_9805,1
12,4807_9806,1
12,4807_9808,1
12,4807_9812,1
12,4807_9813,1
12,4807_9815,1
12,4808_9783,1
12,4808_9784,1
12,4808_9785,1
12,4808_9786,1
12,4808_9803,1
12,4808_9809,1
12,4808_9812,1
12,4808_9814,1
12,4808_9815,1
12,4809_9812,1
12,4810_9727,1
12,4810_9729,1
12,4810_9813,1
12,4810_9814,1
12,4811_9795,1
12,4811_9799,1
12,4811_9802,1
12,4811_9803,1
12,4811_9804,1
12,4811_9806,1
12,4811_9810,1
12,4812_9725,1
12,4813_9789,1
12,4813_9790,1
12,4813_9802,1
12,4813_9806,1
12,4814_9726,1
12,4814_9729,1
12,4814_9789,1
12,4814_9792,1
12,4815_9799,1
12,4815_9805,1
12,4816_9724,1
12,4816_9726,1
12,4816_9729,1
12,4816_9789,1
12,4816_9790,1
12,4817_9726,1
12,4819_9727,1
12,4819_9731,1
12,4820_9727,1
12,4821_9723,1
12,4821_9726,1
12,4822_9722,1
12,4822_9724,1
12,4822_9725,1
12,4824_9722,1
12,4825_9728,1
12,4826_9728,1
12,4826_9731,1
12,4826_9798,1
12,4827_9735,1
12,4827_9736,1
12,4829_9715,1
12,4829_9732,1
12,4829_9737,1
12,4829_9740,1
12,4829_9743,1
12,4830_9722,1
12,4830_9724,1
12,4830_9728,1
12,4830_9730,1
12,4830_9740,1
12,4830_9743,1
12,4831_9709,1
12,4831_9711,1
12,4831_9719,1
12,4831_9726,1
12,4831_9727,1
12,4831_9729,1
12,4831_9742,1
12,4832_9716,1
12,4832_9726,1
12,4832_9730,1
12,4832_9739,1
12,4833_9711,1
12,4833_9717,1
12,4833_9721,1
12,4833_9723,1
12,4833_9727,1
12,4833_9738,1
12,4834_9713,1
12,4834_9716,1
12,4834_9720,1
12,4834_9729,1
12,4834_9731,1
12,4834_9737,1
12,4834_9742,1
12,4834_9743,1
12,4834_9747,1
12,4834_9751,1
12,4835_9713,1
12,4835_9726,1
12,4835_9728,1
12,4835_9739,1
12,4835_9742,1
12,4835_9743,1
12,4836_9726,1
12,4836_9738,1
12,4837_9714,1
12,4837_9719,1
12,4837_9720,1
12,4837_9721,1
12,4837_9732,1
12,4838_9719,1
12,4838_9722,1
12,4838_9737,1
12,4838_9739,1
12,4838_9741,1
12,4838_9752,1
12,4839_9722,1
12,4839_9733,1
12,4839_9754,1
12,4840_9710,1
12,4840_9712,1
12,4840_9719,1
12,4840_9721,1
12,4840_9722,1
12,4840_9723,1
12,4840_9726,1
12,4840_9738,1
12,4840_9739,1
12,4840_9741,1
12,4840_9744,1
12,4841_9711,1
12,4841_9712,1
12,4841_9714,1
12,4841_9720,1
12,4841_9724,1
12,4841_9738,1
12,4841_9743,1
12,4841_9753,1
12,4842_9711,1
12,4842_9717,1
12,4842_9718,1
12,4842_9719,1
12,4842_9724,1
12,4842_9742,1
12,4843_9723,1
12,4844_9715,1
12,4844_9722,1
12,4844_9745,1
12,4844_9747,1
12,4845_9720,1
12,4845_9746,1
12,4846_9748,1
12,4846_9750,1
12,4846_9751,1
12,4847_9720,1
12,4847_9723,1
12,4848_9717,1
12,4848_9718,1
12,4848_9720,1
12,4848_9722,1
12,4849_9719,1
12,4849_9745,1
12,4849_9758,1
12,4849_9760,1
12,4854_9755,1
12,4855_9750,1
12,4855_9751,1
12,4855_9761,1
12,4855_9764,1
