month,grid_id,count,count_t,count_t-1,count_t-2
11,4694_9764,1,1.0,2.0,4.0
11,4695_9765,3,3.0,7.0,14.0
11,4698_9753,2,2.0,1.0,2.0
11,4698_9764,1,1.0,1.0,1.0
10,4700_9751,1,1.0,5.0,6.0
11,4700_9751,2,2.0,1.0,5.0
11,4701_9744,10,10.0,10.0,6.0
10,4701_9746,4,4.0,6.0,1.0
11,4701_9746,2,2.0,4.0,6.0
11,4701_9750,2,2.0,1.0,1.0
11,4701_9751,1,1.0,1.0,1.0
9,4702_9751,2,2.0,3.0,2.0
10,4702_9751,7,7.0,2.0,3.0
11,4702_9751,2,2.0,7.0,2.0
9,4703_9743,2,2.0,1.0,1.0
10,4703_9743,2,2.0,2.0,1.0
11,4703_9743,4,4.0,2.0,2.0
11,4703_9746,1,1.0,1.0,1.0
11,4703_9753,2,2.0,2.0,2.0
10,4704_9743,2,2.0,2.0,1.0
11,4704_9743,4,4.0,2.0,2.0
10,4704_9753,5,5.0,2.0,3.0
11,4704_9753,3,3.0,5.0,2.0
9,4704_9762,3,3.0,1.0,2.0
10,4704_9762,9,9.0,3.0,1.0
11,4704_9762,6,6.0,9.0,3.0
10,4705_9741,1,1.0,1.0,1.0
10,4705_9749,1,1.0,1.0,2.0
9,4705_9750,1,1.0,3.0,3.0
10,4705_9750,11,11.0,1.0,3.0
11,4705_9750,2,2.0,11.0,1.0
10,4705_9751,4,4.0,1.0,1.0
11,4705_9751,3,3.0,4.0,1.0
10,4705_9752,2,2.0,3.0,1.0
9,4706_9750,4,4.0,1.0,4.0
11,4706_9750,2,2.0,4.0,1.0
9,4706_9753,1,1.0,1.0,1.0
10,4706_9753,1,1.0,1.0,1.0
11,4706_9753,6,6.0,1.0,1.0
9,4706_9757,1,1.0,4.0,3.0
10,4706_9757,5,5.0,1.0,4.0
11,4706_9757,1,1.0,5.0,1.0
9,4706_9758,5,5.0,1.0,5.0
11,4706_9758,3,3.0,5.0,1.0
10,4706_9759,1,1.0,4.0,2.0
11,4706_9759,6,6.0,1.0,4.0
10,4707_9743,2,2.0,1.0,3.0
9,4707_9744,1,1.0,2.0,1.0
11,4707_9744,2,2.0,1.0,2.0
11,4707_9746,1,1.0,1.0,1.0
9,4707_9751,2,2.0,3.0,3.0
10,4707_9751,5,5.0,2.0,3.0
11,4707_9753,2,2.0,1.0,1.0
11,4707_9760,1,1.0,2.0,1.0
11,4707_9763,3,3.0,10.0,8.0
11,4707_9764,2,2.0,1.0,1.0
9,4708_9741,3,3.0,6.0,1.0
10,4708_9741,2,2.0,3.0,6.0
11,4708_9741,2,2.0,2.0,3.0
9,4708_9748,9,9.0,9.0,1.0
11,4708_9748,1,1.0,9.0,9.0
11,4708_9749,3,3.0,1.0,2.0
9,4708_9750,3,3.0,3.0,5.0
10,4708_9750,1,1.0,3.0,3.0
11,4708_9750,3,3.0,1.0,3.0
10,4708_9752,4,4.0,1.0,3.0
11,4708_9756,2,2.0,1.0,1.0
9,4708_9757,1,1.0,1.0,1.0
10,4708_9757,8,8.0,1.0,1.0
11,4708_9757,7,7.0,8.0,1.0
9,4708_9759,6,6.0,2.0,3.0
11,4708_9759,1,1.0,6.0,2.0
10,4708_9760,3,3.0,2.0,1.0
11,4708_9760,1,1.0,3.0,2.0
10,4708_9762,1,1.0,5.0,2.0
11,4708_9762,1,1.0,1.0,5.0
9,4709_9745,5,5.0,1.0,2.0
10,4709_9745,1,1.0,5.0,1.0
11,4709_9745,2,2.0,1.0,5.0
11,4709_9746,1,1.0,3.0,5.0
9,4709_9747,4,4.0,3.0,2.0
9,4709_9750,1,1.0,1.0,3.0
11,4709_9750,3,3.0,1.0,1.0
9,4709_9752,3,3.0,10.0,3.0
11,4709_9752,2,2.0,3.0,10.0
11,4709_9753,2,2.0,3.0,2.0
11,4709_9756,1,1.0,3.0,3.0
9,4709_9758,3,3.0,1.0,2.0
10,4709_9758,1,1.0,3.0,1.0
11,4709_9758,4,4.0,1.0,3.0
11,4709_9759,2,2.0,1.0,1.0
10,4709_9761,3,3.0,1.0,2.0
11,4709_9761,5,5.0,3.0,1.0
9,4710_9741,2,2.0,3.0,3.0
10,4710_9741,1,1.0,2.0,3.0
11,4710_9746,1,1.0,1.0,1.0
11,4710_9747,1,1.0,2.0,2.0
10,4710_9749,4,4.0,8.0,5.0
11,4710_9749,2,2.0,4.0,8.0
10,4710_9750,2,2.0,2.0,3.0
11,4710_9750,2,2.0,2.0,2.0
11,4710_9756,5,5.0,6.0,2.0
10,4710_9757,5,5.0,1.0,3.0
11,4710_9757,6,6.0,5.0,1.0
10,4710_9758,3,3.0,1.0,3.0
9,4710_9759,3,3.0,5.0,1.0
10,4710_9759,4,4.0,3.0,5.0
11,4710_9759,5,5.0,4.0,3.0
11,4710_9760,1,1.0,4.0,2.0
11,4710_9762,1,1.0,10.0,2.0
11,4711_9740,1,1.0,3.0,7.0
9,4711_9744,10,10.0,8.0,6.0
10,4711_9744,1,1.0,10.0,8.0
9,4711_9745,4,4.0,5.0,2.0
9,4711_9746,2,2.0,2.0,2.0
11,4711_9746,3,3.0,2.0,2.0
9,4711_9747,2,2.0,2.0,1.0
11,4711_9747,1,1.0,2.0,2.0
10,4711_9748,1,1.0,1.0,1.0
11,4711_9748,3,3.0,1.0,1.0
9,4711_9750,3,3.0,2.0,7.0
10,4711_9750,3,3.0,3.0,2.0
11,4711_9753,7,7.0,5.0,1.0
9,4711_9755,2,2.0,4.0,1.0
10,4711_9755,3,3.0,2.0,4.0
11,4711_9755,2,2.0,3.0,2.0
9,4711_9756,5,5.0,5.0,5.0
10,4711_9756,11,11.0,5.0,5.0
11,4711_9756,15,15.0,11.0,5.0
9,4711_9758,1,1.0,6.0,3.0
10,4711_9758,5,5.0,1.0,6.0
11,4711_9758,7,7.0,5.0,1.0
9,4711_9759,1,1.0,3.0,1.0
10,4711_9759,2,2.0,1.0,3.0
10,4711_9762,2,2.0,2.0,1.0
9,4712_9744,1,1.0,1.0,3.0
10,4712_9744,3,3.0,1.0,1.0
11,4712_9744,4,4.0,3.0,1.0
11,4712_9745,2,2.0,2.0,2.0
9,4712_9746,3,3.0,7.0,7.0
10,4712_9746,8,8.0,3.0,7.0
11,4712_9746,3,3.0,8.0,3.0
10,4712_9747,1,1.0,1.0,2.0
11,4712_9747,1,1.0,1.0,1.0
11,4712_9749,1,1.0,1.0,1.0
9,4712_9750,1,1.0,2.0,7.0
10,4712_9750,2,2.0,1.0,2.0
11,4712_9750,1,1.0,2.0,1.0
9,4712_9751,1,1.0,1.0,4.0
11,4712_9751,1,1.0,1.0,1.0
9,4712_9755,1,1.0,3.0,5.0
10,4712_9755,2,2.0,1.0,3.0
11,4712_9755,3,3.0,2.0,1.0
9,4712_9756,6,6.0,8.0,9.0
10,4712_9756,8,8.0,6.0,8.0
11,4712_9756,9,9.0,8.0,6.0
11,4712_9757,3,3.0,1.0,1.0
9,4712_9760,4,4.0,3.0,1.0
10,4712_9760,2,2.0,4.0,3.0
11,4712_9760,3,3.0,2.0,4.0
9,4712_9761,13,13.0,3.0,5.0
10,4712_9761,2,2.0,13.0,3.0
11,4712_9761,4,4.0,2.0,13.0
9,4712_9762,20,20.0,6.0,2.0
10,4712_9762,8,8.0,20.0,6.0
11,4712_9762,9,9.0,8.0,20.0
9,4713_9740,1,1.0,3.0,4.0
11,4713_9740,1,1.0,1.0,3.0
9,4713_9741,2,2.0,1.0,4.0
10,4713_9741,2,2.0,2.0,1.0
11,4713_9741,1,1.0,2.0,2.0
9,4713_9742,1,1.0,4.0,4.0
10,4713_9742,1,1.0,1.0,4.0
11,4713_9742,4,4.0,1.0,1.0
10,4713_9743,1,1.0,1.0,2.0
9,4713_9744,7,7.0,4.0,4.0
10,4713_9744,2,2.0,7.0,4.0
11,4713_9744,2,2.0,2.0,7.0
9,4713_9745,9,9.0,1.0,8.0
10,4713_9745,2,2.0,9.0,1.0
11,4713_9745,8,8.0,2.0,9.0
11,4713_9746,1,1.0,3.0,1.0
11,4713_9750,3,3.0,4.0,1.0
9,4713_9751,6,6.0,4.0,3.0
10,4713_9751,2,2.0,6.0,4.0
11,4713_9751,1,1.0,2.0,6.0
9,4713_9752,1,1.0,3.0,4.0
10,4713_9752,3,3.0,1.0,3.0
11,4713_9752,4,4.0,3.0,1.0
9,4713_9753,2,2.0,8.0,9.0
10,4713_9753,2,2.0,2.0,8.0
11,4713_9753,8,8.0,2.0,2.0
10,4713_9755,9,9.0,2.0,1.0
11,4713_9755,7,7.0,9.0,2.0
9,4713_9757,1,1.0,1.0,1.0
10,4713_9757,3,3.0,1.0,1.0
11,4713_9757,3,3.0,3.0,1.0
9,4713_9758,3,3.0,2.0,1.0
10,4713_9758,2,2.0,3.0,2.0
11,4713_9758,1,1.0,2.0,3.0
9,4713_9761,11,11.0,4.0,3.0
10,4713_9761,4,4.0,11.0,4.0
11,4713_9761,4,4.0,4.0,11.0
9,4714_9744,2,2.0,3.0,3.0
10,4714_9744,3,3.0,2.0,3.0
11,4714_9744,2,2.0,3.0,2.0
11,4714_9750,1,1.0,1.0,1.0
11,4714_9752,3,3.0,3.0,2.0
9,4714_9755,1,1.0,3.0,2.0
10,4714_9755,5,5.0,1.0,3.0
11,4714_9755,3,3.0,5.0,1.0
9,4714_9756,2,2.0,2.0,4.0
10,4714_9756,5,5.0,2.0,2.0
11,4714_9756,4,4.0,5.0,2.0
10,4714_9759,4,4.0,4.0,3.0
11,4714_9759,2,2.0,4.0,4.0
9,4714_9760,4,4.0,2.0,2.0
10,4714_9760,1,1.0,4.0,2.0
11,4714_9760,7,7.0,1.0,4.0
10,4715_9742,2,2.0,3.0,2.0
10,4715_9743,2,2.0,2.0,5.0
11,4715_9743,5,5.0,2.0,2.0
11,4715_9754,3,3.0,1.0,1.0
9,4715_9755,5,5.0,5.0,10.0
10,4715_9755,5,5.0,5.0,5.0
11,4715_9755,9,9.0,5.0,5.0
9,4715_9756,1,1.0,1.0,1.0
11,4715_9756,3,3.0,1.0,1.0
9,4715_9757,2,2.0,4.0,6.0
10,4715_9757,1,1.0,2.0,4.0
10,4715_9759,2,2.0,2.0,2.0
9,4716_9736,1,1.0,1.0,2.0
9,4716_9754,4,4.0,3.0,4.0
11,4716_9754,1,1.0,4.0,3.0
11,4716_9755,5,5.0,2.0,1.0
9,4716_9756,4,4.0,7.0,8.0
10,4716_9756,3,3.0,4.0,7.0
11,4716_9756,7,7.0,3.0,4.0
10,4716_9757,2,2.0,1.0,7.0
11,4716_9757,1,1.0,2.0,1.0
10,4716_9758,1,1.0,4.0,2.0
11,4716_9758,2,2.0,1.0,4.0
9,4717_9733,2,2.0,1.0,3.0
10,4717_9733,2,2.0,2.0,1.0
11,4717_9733,2,2.0,2.0,2.0
9,4717_9734,1,1.0,1.0,3.0
11,4717_9734,1,1.0,1.0,1.0
10,4717_9736,2,2.0,1.0,3.0
9,4717_9737,1,1.0,2.0,3.0
10,4717_9737,1,1.0,1.0,2.0
11,4717_9751,1,1.0,1.0,2.0
9,4717_9753,3,3.0,2.0,1.0
10,4717_9753,1,1.0,3.0,2.0
9,4717_9754,2,2.0,4.0,1.0
11,4717_9754,3,3.0,2.0,4.0
11,4717_9755,4,4.0,3.0,4.0
11,4717_9756,1,1.0,2.0,4.0
9,4717_9757,5,5.0,4.0,6.0
10,4717_9757,1,1.0,5.0,4.0
11,4717_9757,3,3.0,1.0,5.0
9,4717_9758,2,2.0,1.0,2.0
11,4717_9758,1,1.0,2.0,1.0
9,4718_9732,2,2.0,8.0,5.0
10,4718_9732,1,1.0,2.0,8.0
9,4718_9734,1,1.0,6.0,7.0
10,4718_9734,1,1.0,1.0,6.0
11,4718_9734,1,1.0,1.0,1.0
9,4718_9735,2,2.0,3.0,3.0
10,4718_9735,1,1.0,2.0,3.0
11,4718_9741,1,1.0,1.0,1.0
9,4718_9744,10,10.0,2.0,1.0
10,4718_9744,3,3.0,10.0,2.0
11,4718_9744,4,4.0,3.0,10.0
10,4718_9746,4,4.0,1.0,2.0
11,4718_9746,1,1.0,4.0,1.0
10,4718_9747,2,2.0,3.0,2.0
11,4718_9747,1,1.0,2.0,3.0
10,4718_9752,1,1.0,2.0,1.0
9,4718_9753,5,5.0,2.0,1.0
10,4718_9753,4,4.0,5.0,2.0
11,4718_9753,4,4.0,4.0,5.0
9,4718_9754,2,2.0,3.0,1.0
10,4718_9754,2,2.0,2.0,3.0
11,4718_9754,11,11.0,2.0,2.0
11,4718_9755,6,6.0,3.0,5.0
10,4718_9756,1,1.0,1.0,1.0
9,4718_9757,19,19.0,13.0,13.0
10,4718_9757,7,7.0,19.0,13.0
11,4718_9757,11,11.0,7.0,19.0
9,4719_9735,1,1.0,3.0,2.0
10,4719_9737,1,1.0,1.0,1.0
10,4719_9739,3,3.0,1.0,1.0
10,4719_9740,1,1.0,1.0,1.0
11,4719_9740,1,1.0,1.0,1.0
10,4719_9744,2,2.0,2.0,3.0
11,4719_9744,1,1.0,2.0,2.0
9,4719_9745,42,42.0,11.0,1.0
10,4719_9745,20,20.0,42.0,11.0
11,4719_9745,25,25.0,20.0,42.0
11,4719_9746,2,2.0,2.0,1.0
11,4719_9747,2,2.0,3.0,1.0
10,4719_9751,1,1.0,1.0,1.0
10,4719_9754,2,2.0,1.0,2.0
11,4719_9754,2,2.0,2.0,1.0
10,4719_9755,1,1.0,3.0,4.0
11,4719_9755,1,1.0,1.0,3.0
9,4719_9756,2,2.0,4.0,3.0
10,4719_9756,3,3.0,2.0,4.0
11,4719_9756,4,4.0,3.0,2.0
9,4719_9757,2,2.0,2.0,1.0
10,4719_9757,1,1.0,2.0,2.0
10,4720_9737,1,1.0,1.0,1.0
11,4720_9737,1,1.0,1.0,1.0
10,4720_9739,1,1.0,1.0,1.0
9,4720_9753,1,1.0,1.0,5.0
10,4720_9753,1,1.0,1.0,1.0
11,4720_9753,1,1.0,1.0,1.0
11,4720_9754,1,1.0,2.0,2.0
10,4720_9755,5,5.0,4.0,5.0
11,4720_9755,5,5.0,5.0,4.0
9,4721_9729,4,4.0,3.0,3.0
10,4721_9729,4,4.0,4.0,3.0
11,4721_9729,2,2.0,4.0,4.0
9,4721_9732,9,9.0,7.0,10.0
10,4721_9732,13,13.0,9.0,7.0
11,4721_9732,5,5.0,13.0,9.0
10,4721_9734,4,4.0,1.0,2.0
9,4721_9735,5,5.0,2.0,4.0
10,4721_9735,3,3.0,5.0,2.0
11,4721_9736,4,4.0,1.0,4.0
9,4721_9737,5,5.0,4.0,10.0
10,4721_9737,6,6.0,5.0,4.0
11,4721_9737,4,4.0,6.0,5.0
10,4721_9738,4,4.0,1.0,1.0
11,4721_9738,2,2.0,4.0,1.0
9,4721_9739,1,1.0,5.0,3.0
11,4721_9739,1,1.0,1.0,5.0
9,4721_9742,8,8.0,5.0,5.0
10,4721_9742,1,1.0,8.0,5.0
11,4721_9742,12,12.0,1.0,8.0
11,4721_9754,1,1.0,2.0,3.0
9,4722_9720,1,1.0,1.0,2.0
10,4722_9731,1,1.0,1.0,1.0
9,4722_9733,6,6.0,5.0,7.0
10,4722_9733,5,5.0,6.0,5.0
11,4722_9733,10,10.0,5.0,6.0
10,4722_9734,5,5.0,1.0,1.0
11,4722_9734,3,3.0,5.0,1.0
10,4722_9735,2,2.0,2.0,2.0
11,4722_9735,1,1.0,2.0,2.0
10,4722_9737,2,2.0,1.0,2.0
11,4722_9737,1,1.0,2.0,1.0
11,4722_9738,1,1.0,1.0,1.0
10,4722_9739,2,2.0,2.0,6.0
11,4722_9739,1,1.0,2.0,2.0
9,4722_9740,2,2.0,5.0,5.0
10,4722_9740,2,2.0,2.0,5.0
9,4722_9741,11,11.0,2.0,6.0
10,4722_9741,4,4.0,11.0,2.0
11,4722_9741,4,4.0,4.0,11.0
9,4722_9744,4,4.0,1.0,1.0
10,4722_9752,2,2.0,1.0,1.0
9,4723_9731,16,16.0,4.0,5.0
10,4723_9731,2,2.0,16.0,4.0
11,4723_9731,4,4.0,2.0,16.0
10,4723_9737,1,1.0,2.0,1.0
11,4723_9737,4,4.0,1.0,2.0
10,4723_9738,1,1.0,2.0,1.0
11,4723_9738,3,3.0,1.0,2.0
10,4723_9739,5,5.0,1.0,3.0
11,4723_9739,6,6.0,5.0,1.0
9,4723_9740,1,1.0,1.0,1.0
10,4723_9740,1,1.0,1.0,1.0
11,4723_9740,3,3.0,1.0,1.0
9,4723_9741,3,3.0,3.0,1.0
10,4723_9741,5,5.0,3.0,3.0
11,4723_9741,2,2.0,5.0,3.0
9,4723_9742,1,1.0,6.0,3.0
10,4723_9742,3,3.0,1.0,6.0
11,4723_9742,9,9.0,3.0,1.0
11,4724_9722,2,2.0,1.0,2.0
11,4724_9736,1,1.0,3.0,3.0
9,4724_9739,3,3.0,6.0,5.0
10,4724_9739,2,2.0,3.0,6.0
11,4724_9739,6,6.0,2.0,3.0
9,4724_9740,2,2.0,1.0,1.0
11,4724_9740,4,4.0,2.0,1.0
9,4724_9741,1,1.0,1.0,3.0
11,4724_9741,4,4.0,1.0,1.0
11,4724_9742,5,5.0,1.0,2.0
9,4724_9745,2,2.0,2.0,6.0
10,4724_9745,5,5.0,2.0,2.0
11,4724_9745,5,5.0,5.0,2.0
11,4725_9710,1,1.0,1.0,1.0
10,4725_9711,2,2.0,1.0,7.0
11,4725_9711,1,1.0,2.0,1.0
10,4725_9713,1,1.0,3.0,1.0
11,4725_9713,2,2.0,1.0,3.0
9,4725_9738,2,2.0,2.0,3.0
10,4725_9738,3,3.0,2.0,2.0
11,4725_9738,2,2.0,3.0,2.0
9,4725_9739,2,2.0,3.0,2.0
10,4725_9739,1,1.0,2.0,3.0
11,4725_9739,1,1.0,1.0,2.0
9,4725_9744,1,1.0,4.0,1.0
10,4725_9744,4,4.0,1.0,4.0
11,4725_9744,4,4.0,4.0,1.0
10,4725_9745,2,2.0,2.0,2.0
11,4725_9745,4,4.0,2.0,2.0
9,4726_9708,6,6.0,2.0,2.0
10,4726_9708,2,2.0,6.0,2.0
11,4726_9708,1,1.0,2.0,6.0
9,4726_9709,2,2.0,1.0,2.0
10,4726_9709,4,4.0,2.0,1.0
9,4726_9710,2,2.0,1.0,1.0
10,4726_9715,2,2.0,2.0,2.0
10,4726_9718,1,1.0,2.0,3.0
11,4726_9718,1,1.0,1.0,2.0
9,4726_9736,1,1.0,1.0,1.0
11,4726_9736,2,2.0,1.0,1.0
9,4726_9744,1,1.0,4.0,3.0
10,4726_9744,6,6.0,1.0,4.0
11,4726_9744,6,6.0,6.0,1.0
9,4726_9745,7,7.0,8.0,8.0
10,4726_9745,7,7.0,7.0,8.0
11,4726_9745,3,3.0,7.0,7.0
9,4726_9747,2,2.0,1.0,1.0
11,4726_9766,1,1.0,1.0,1.0
9,4726_9767,5,5.0,9.0,4.0
10,4726_9767,2,2.0,5.0,9.0
11,4726_9767,3,3.0,2.0,5.0
9,4727_9706,1,1.0,1.0,5.0
10,4727_9706,2,2.0,1.0,1.0
9,4727_9708,9,9.0,5.0,6.0
10,4727_9708,3,3.0,9.0,5.0
11,4727_9708,6,6.0,3.0,9.0
10,4727_9710,1,1.0,2.0,1.0
11,4727_9710,3,3.0,1.0,2.0
9,4727_9712,1,1.0,7.0,5.0
10,4727_9712,1,1.0,1.0,7.0
9,4727_9713,6,6.0,3.0,1.0
10,4727_9713,1,1.0,6.0,3.0
11,4727_9713,2,2.0,1.0,6.0
9,4727_9715,8,8.0,5.0,3.0
10,4727_9715,1,1.0,8.0,5.0
11,4727_9715,3,3.0,1.0,8.0
10,4727_9717,1,1.0,1.0,1.0
9,4727_9721,1,1.0,1.0,1.0
11,4727_9721,2,2.0,1.0,1.0
9,4727_9722,7,7.0,2.0,3.0
10,4727_9722,9,9.0,7.0,2.0
11,4727_9722,8,8.0,9.0,7.0
9,4727_9723,2,2.0,1.0,2.0
11,4727_9723,1,1.0,2.0,1.0
11,4727_9724,1,1.0,1.0,1.0
9,4727_9732,1,1.0,1.0,3.0
10,4727_9732,5,5.0,1.0,1.0
11,4727_9732,3,3.0,5.0,1.0
11,4727_9733,1,1.0,1.0,4.0
9,4727_9734,2,2.0,4.0,4.0
10,4727_9734,4,4.0,2.0,4.0
11,4727_9734,2,2.0,4.0,2.0
9,4727_9736,7,7.0,10.0,13.0
10,4727_9736,7,7.0,7.0,10.0
11,4727_9736,4,4.0,7.0,7.0
10,4727_9737,1,1.0,2.0,2.0
11,4727_9737,1,1.0,1.0,2.0
9,4727_9746,2,2.0,6.0,5.0
10,4727_9746,2,2.0,2.0,6.0
11,4727_9746,2,2.0,2.0,2.0
10,4727_9766,7,7.0,5.0,3.0
11,4727_9766,2,2.0,7.0,5.0
10,4727_9767,1,1.0,1.0,1.0
11,4727_9767,4,4.0,1.0,1.0
11,4727_9768,1,1.0,3.0,1.0
10,4728_9706,1,1.0,1.0,1.0
11,4728_9707,1,1.0,1.0,1.0
9,4728_9710,2,2.0,5.0,5.0
10,4728_9710,2,2.0,2.0,5.0
9,4728_9711,4,4.0,8.0,6.0
10,4728_9711,3,3.0,4.0,8.0
11,4728_9711,1,1.0,3.0,4.0
10,4728_9715,1,1.0,3.0,1.0
9,4728_9717,4,4.0,1.0,9.0
10,4728_9717,6,6.0,4.0,1.0
11,4728_9717,3,3.0,6.0,4.0
9,4728_9719,2,2.0,1.0,2.0
10,4728_9719,3,3.0,2.0,1.0
9,4728_9725,1,1.0,2.0,2.0
10,4728_9725,2,2.0,1.0,2.0
11,4728_9725,1,1.0,2.0,1.0
10,4728_9729,1,1.0,3.0,1.0
11,4728_9729,4,4.0,1.0,3.0
9,4728_9732,1,1.0,2.0,3.0
10,4728_9732,1,1.0,1.0,2.0
11,4728_9732,1,1.0,1.0,1.0
9,4728_9734,1,1.0,1.0,4.0
11,4728_9734,3,3.0,1.0,1.0
11,4728_9735,1,1.0,1.0,1.0
9,4728_9736,1,1.0,1.0,2.0
10,4728_9736,3,3.0,1.0,1.0
11,4728_9736,1,1.0,3.0,1.0
11,4728_9737,1,1.0,1.0,1.0
9,4728_9767,1,1.0,4.0,2.0
10,4728_9767,2,2.0,1.0,4.0
11,4728_9767,8,8.0,2.0,1.0
10,4728_9768,1,1.0,1.0,1.0
11,4728_9768,2,2.0,1.0,1.0
9,4728_9769,5,5.0,5.0,4.0
10,4728_9769,5,5.0,5.0,5.0
11,4728_9769,1,1.0,5.0,5.0
9,4729_9704,4,4.0,5.0,1.0
10,4729_9704,1,1.0,4.0,5.0
11,4729_9704,2,2.0,1.0,4.0
9,4729_9705,1,1.0,1.0,1.0
10,4729_9705,2,2.0,1.0,1.0
9,4729_9710,3,3.0,6.0,6.0
10,4729_9710,1,1.0,3.0,6.0
11,4729_9710,1,1.0,1.0,3.0
11,4729_9711,1,1.0,1.0,1.0
9,4729_9715,8,8.0,3.0,2.0
10,4729_9715,1,1.0,8.0,3.0
11,4729_9715,2,2.0,1.0,8.0
9,4729_9716,1,1.0,5.0,3.0
10,4729_9716,1,1.0,1.0,5.0
11,4729_9716,7,7.0,1.0,1.0
9,4729_9717,3,3.0,1.0,4.0
10,4729_9717,1,1.0,3.0,1.0
9,4729_9720,2,2.0,5.0,3.0
10,4729_9720,3,3.0,2.0,5.0
11,4729_9720,5,5.0,3.0,2.0
11,4729_9721,1,1.0,2.0,3.0
10,4729_9722,2,2.0,1.0,1.0
10,4729_9723,2,2.0,1.0,2.0
11,4729_9723,1,1.0,2.0,1.0
10,4729_9724,2,2.0,2.0,1.0
9,4729_9732,5,5.0,1.0,4.0
10,4729_9732,2,2.0,5.0,1.0
11,4729_9732,2,2.0,2.0,5.0
9,4729_9733,3,3.0,9.0,5.0
10,4729_9733,2,2.0,3.0,9.0
11,4729_9733,3,3.0,2.0,3.0
9,4729_9734,1,1.0,1.0,1.0
11,4729_9734,2,2.0,1.0,1.0
11,4729_9735,1,1.0,2.0,1.0
9,4729_9736,1,1.0,1.0,2.0
11,4729_9736,2,2.0,1.0,1.0
9,4729_9737,1,1.0,1.0,2.0
11,4729_9737,1,1.0,1.0,1.0
11,4729_9748,2,2.0,2.0,3.0
10,4729_9767,4,4.0,3.0,2.0
10,4729_9769,2,2.0,1.0,1.0
9,4730_9704,2,2.0,2.0,6.0
10,4730_9704,1,1.0,2.0,2.0
11,4730_9704,3,3.0,1.0,2.0
9,4730_9705,8,8.0,9.0,6.0
10,4730_9705,2,2.0,8.0,9.0
11,4730_9705,7,7.0,2.0,8.0
10,4730_9707,1,1.0,3.0,3.0
11,4730_9708,1,1.0,1.0,2.0
9,4730_9709,1,1.0,1.0,1.0
10,4730_9709,1,1.0,1.0,1.0
11,4730_9709,1,1.0,1.0,1.0
9,4730_9710,2,2.0,2.0,1.0
10,4730_9710,2,2.0,2.0,2.0
11,4730_9710,6,6.0,2.0,2.0
10,4730_9714,4,4.0,6.0,2.0
11,4730_9714,4,4.0,4.0,6.0
10,4730_9715,5,5.0,2.0,1.0
11,4730_9715,4,4.0,5.0,2.0
11,4730_9716,2,2.0,1.0,1.0
11,4730_9720,1,1.0,2.0,4.0
10,4730_9721,2,2.0,3.0,5.0
11,4730_9721,1,1.0,2.0,3.0
11,4730_9722,2,2.0,1.0,4.0
11,4730_9723,3,3.0,1.0,1.0
9,4730_9731,2,2.0,2.0,1.0
11,4730_9731,1,1.0,2.0,2.0
10,4730_9732,2,2.0,2.0,1.0
10,4730_9733,2,2.0,1.0,2.0
10,4730_9734,2,2.0,1.0,1.0
9,4730_9735,3,3.0,4.0,5.0
10,4730_9735,2,2.0,3.0,4.0
11,4730_9735,2,2.0,2.0,3.0
11,4730_9737,1,1.0,1.0,1.0
10,4730_9738,1,1.0,1.0,3.0
9,4730_9739,1,1.0,2.0,4.0
9,4730_9765,1,1.0,5.0,6.0
10,4730_9765,3,3.0,1.0,5.0
11,4730_9765,3,3.0,3.0,1.0
9,4730_9768,7,7.0,6.0,5.0
10,4730_9768,1,1.0,7.0,6.0
11,4730_9768,4,4.0,1.0,7.0
11,4731_9702,1,1.0,1.0,1.0
11,4731_9704,1,1.0,1.0,1.0
10,4731_9705,1,1.0,3.0,2.0
9,4731_9707,3,3.0,2.0,1.0
10,4731_9707,2,2.0,3.0,2.0
11,4731_9707,1,1.0,2.0,3.0
9,4731_9708,2,2.0,7.0,8.0
10,4731_9708,2,2.0,2.0,7.0
9,4731_9709,1,1.0,1.0,2.0
11,4731_9709,3,3.0,1.0,1.0
10,4731_9710,1,1.0,1.0,3.0
11,4731_9710,3,3.0,1.0,1.0
9,4731_9711,1,1.0,1.0,3.0
10,4731_9711,2,2.0,1.0,1.0
11,4731_9711,4,4.0,2.0,1.0
9,4731_9713,6,6.0,3.0,7.0
10,4731_9713,1,1.0,6.0,3.0
11,4731_9713,3,3.0,1.0,6.0
9,4731_9714,19,19.0,8.0,14.0
10,4731_9714,8,8.0,19.0,8.0
11,4731_9714,12,12.0,8.0,19.0
9,4731_9715,2,2.0,1.0,4.0
10,4731_9715,1,1.0,2.0,1.0
11,4731_9715,2,2.0,1.0,2.0
9,4731_9717,1,1.0,1.0,1.0
10,4731_9717,1,1.0,1.0,1.0
11,4731_9717,1,1.0,1.0,1.0
9,4731_9718,1,1.0,2.0,4.0
10,4731_9718,1,1.0,1.0,2.0
11,4731_9718,2,2.0,1.0,1.0
10,4731_9727,1,1.0,1.0,1.0
9,4731_9730,1,1.0,3.0,3.0
10,4731_9730,4,4.0,1.0,3.0
11,4731_9730,1,1.0,4.0,1.0
9,4731_9731,1,1.0,1.0,2.0
10,4731_9731,2,2.0,1.0,1.0
11,4731_9731,1,1.0,2.0,1.0
10,4731_9734,1,1.0,1.0,2.0
10,4731_9735,1,1.0,2.0,3.0
11,4731_9735,1,1.0,1.0,2.0
9,4731_9736,5,5.0,1.0,2.0
10,4731_9736,2,2.0,5.0,1.0
11,4731_9736,4,4.0,2.0,5.0
9,4731_9737,2,2.0,3.0,6.0
10,4731_9737,1,1.0,2.0,3.0
9,4731_9743,10,10.0,1.0,5.0
10,4731_9743,4,4.0,10.0,1.0
11,4731_9743,4,4.0,4.0,10.0
9,4731_9744,3,3.0,1.0,10.0
10,4731_9744,3,3.0,3.0,1.0
11,4731_9744,3,3.0,3.0,3.0
11,4731_9745,1,1.0,1.0,2.0
9,4731_9746,2,2.0,2.0,1.0
11,4731_9766,3,3.0,1.0,5.0
10,4731_9767,1,1.0,1.0,2.0
11,4731_9767,3,3.0,1.0,1.0
10,4732_9705,2,2.0,2.0,2.0
11,4732_9705,2,2.0,2.0,2.0
9,4732_9706,6,6.0,2.0,7.0
11,4732_9706,3,3.0,6.0,2.0
9,4732_9707,1,1.0,4.0,4.0
11,4732_9707,1,1.0,1.0,4.0
11,4732_9708,3,3.0,6.0,7.0
9,4732_9710,3,3.0,3.0,4.0
10,4732_9710,1,1.0,3.0,3.0
11,4732_9710,1,1.0,1.0,3.0
9,4732_9712,3,3.0,4.0,2.0
10,4732_9712,4,4.0,3.0,4.0
11,4732_9712,2,2.0,4.0,3.0
9,4732_9713,3,3.0,3.0,5.0
10,4732_9713,4,4.0,3.0,3.0
11,4732_9713,4,4.0,4.0,3.0
10,4732_9714,6,6.0,8.0,5.0
11,4732_9714,2,2.0,6.0,8.0
9,4732_9715,5,5.0,4.0,10.0
10,4732_9715,2,2.0,5.0,4.0
11,4732_9715,1,1.0,2.0,5.0
9,4732_9716,2,2.0,5.0,1.0
10,4732_9716,1,1.0,2.0,5.0
10,4732_9722,2,2.0,1.0,2.0
11,4732_9722,4,4.0,2.0,1.0
11,4732_9723,2,2.0,3.0,1.0
9,4732_9725,2,2.0,2.0,1.0
11,4732_9725,2,2.0,2.0,2.0
10,4732_9726,1,1.0,1.0,2.0
11,4732_9726,1,1.0,1.0,1.0
9,4732_9727,4,4.0,4.0,6.0
10,4732_9727,3,3.0,4.0,4.0
10,4732_9728,3,3.0,1.0,1.0
11,4732_9728,1,1.0,3.0,1.0
9,4732_9730,2,2.0,3.0,3.0
11,4732_9730,1,1.0,2.0,3.0
10,4732_9731,1,1.0,3.0,1.0
10,4732_9732,1,1.0,1.0,1.0
9,4732_9733,2,2.0,3.0,4.0
10,4732_9733,5,5.0,2.0,3.0
11,4732_9733,1,1.0,5.0,2.0
9,4732_9734,3,3.0,4.0,1.0
10,4732_9734,2,2.0,3.0,4.0
9,4732_9735,1,1.0,1.0,2.0
10,4732_9735,1,1.0,1.0,1.0
11,4732_9735,1,1.0,1.0,1.0
9,4732_9742,2,2.0,3.0,4.0
11,4732_9742,1,1.0,2.0,3.0
9,4732_9744,16,16.0,1.0,3.0
10,4732_9744,12,12.0,16.0,1.0
11,4732_9744,12,12.0,12.0,16.0
9,4732_9746,3,3.0,1.0,3.0
11,4732_9746,2,2.0,3.0,1.0
10,4732_9765,4,4.0,2.0,1.0
9,4732_9766,9,9.0,5.0,1.0
10,4732_9766,6,6.0,9.0,5.0
11,4732_9766,2,2.0,6.0,9.0
11,4732_9767,1,1.0,1.0,1.0
11,4733_9703,1,1.0,2.0,1.0
11,4733_9705,2,2.0,1.0,3.0
10,4733_9706,4,4.0,1.0,9.0
9,4733_9710,1,1.0,5.0,1.0
10,4733_9710,2,2.0,1.0,5.0
11,4733_9710,2,2.0,2.0,1.0
10,4733_9712,2,2.0,2.0,2.0
11,4733_9712,2,2.0,2.0,2.0
9,4733_9713,4,4.0,2.0,4.0
10,4733_9713,5,5.0,4.0,2.0
11,4733_9713,4,4.0,5.0,4.0
9,4733_9714,2,2.0,2.0,3.0
11,4733_9714,2,2.0,2.0,2.0
9,4733_9715,10,10.0,2.0,6.0
10,4733_9715,3,3.0,10.0,2.0
11,4733_9715,4,4.0,3.0,10.0
9,4733_9720,9,9.0,2.0,5.0
10,4733_9720,3,3.0,9.0,2.0
11,4733_9720,6,6.0,3.0,9.0
9,4733_9722,5,5.0,5.0,10.0
10,4733_9722,7,7.0,5.0,5.0
11,4733_9722,7,7.0,7.0,5.0
10,4733_9723,2,2.0,1.0,1.0
11,4733_9723,1,1.0,2.0,1.0
9,4733_9724,1,1.0,5.0,2.0
10,4733_9724,4,4.0,1.0,5.0
11,4733_9724,4,4.0,4.0,1.0
9,4733_9726,3,3.0,5.0,1.0
11,4733_9726,2,2.0,3.0,5.0
10,4733_9727,1,1.0,2.0,1.0
11,4733_9727,3,3.0,1.0,2.0
9,4733_9728,6,6.0,5.0,7.0
10,4733_9728,3,3.0,6.0,5.0
11,4733_9728,5,5.0,3.0,6.0
9,4733_9735,1,1.0,2.0,2.0
11,4733_9735,1,1.0,1.0,2.0
11,4733_9736,3,3.0,6.0,2.0
9,4733_9738,4,4.0,2.0,1.0
10,4733_9738,3,3.0,4.0,2.0
11,4733_9738,1,1.0,3.0,4.0
11,4733_9740,1,1.0,1.0,1.0
11,4733_9741,1,1.0,4.0,1.0
10,4733_9742,3,3.0,4.0,3.0
11,4733_9742,1,1.0,3.0,4.0
9,4733_9743,4,4.0,2.0,5.0
10,4733_9743,2,2.0,4.0,2.0
11,4733_9743,3,3.0,2.0,4.0
9,4733_9744,1,1.0,1.0,2.0
10,4733_9744,2,2.0,1.0,1.0
11,4733_9744,1,1.0,2.0,1.0
9,4733_9755,4,4.0,10.0,6.0
10,4733_9755,4,4.0,4.0,10.0
11,4733_9755,10,10.0,4.0,4.0
9,4733_9766,3,3.0,1.0,2.0
10,4733_9766,1,1.0,3.0,1.0
9,4734_9694,3,3.0,2.0,2.0
10,4734_9695,9,9.0,1.0,1.0
10,4734_9696,1,1.0,1.0,1.0
11,4734_9696,1,1.0,1.0,1.0
9,4734_9714,4,4.0,4.0,1.0
10,4734_9714,1,1.0,4.0,4.0
11,4734_9714,1,1.0,1.0,4.0
9,4734_9715,1,1.0,1.0,2.0
11,4734_9716,1,1.0,1.0,1.0
9,4734_9717,8,8.0,2.0,3.0
10,4734_9717,3,3.0,8.0,2.0
11,4734_9717,3,3.0,3.0,8.0
9,4734_9720,13,13.0,19.0,11.0
10,4734_9720,3,3.0,13.0,19.0
11,4734_9720,7,7.0,3.0,13.0
9,4734_9721,9,9.0,8.0,10.0
10,4734_9721,3,3.0,9.0,8.0
11,4734_9721,5,5.0,3.0,9.0
11,4734_9723,1,1.0,3.0,2.0
9,4734_9724,1,1.0,1.0,2.0
9,4734_9726,1,1.0,2.0,3.0
10,4734_9726,1,1.0,1.0,2.0
11,4734_9726,2,2.0,1.0,1.0
9,4734_9727,1,1.0,4.0,5.0
10,4734_9727,3,3.0,1.0,4.0
11,4734_9727,1,1.0,3.0,1.0
9,4734_9728,4,4.0,3.0,1.0
10,4734_9728,3,3.0,4.0,3.0
9,4734_9729,1,1.0,6.0,1.0
10,4734_9729,3,3.0,1.0,6.0
11,4734_9729,1,1.0,3.0,1.0
9,4734_9733,1,1.0,1.0,5.0
10,4734_9733,1,1.0,1.0,1.0
11,4734_9733,1,1.0,1.0,1.0
9,4734_9734,2,2.0,1.0,2.0
11,4734_9734,2,2.0,2.0,1.0
10,4734_9736,1,1.0,1.0,2.0
10,4734_9738,3,3.0,2.0,5.0
10,4734_9739,1,1.0,6.0,1.0
11,4734_9739,3,3.0,1.0,6.0
11,4734_9742,1,1.0,1.0,3.0
9,4734_9743,6,6.0,1.0,2.0
10,4734_9743,3,3.0,6.0,1.0
9,4734_9754,24,24.0,29.0,30.0
10,4734_9754,21,21.0,24.0,29.0
11,4734_9754,23,23.0,21.0,24.0
9,4734_9755,2,2.0,1.0,2.0
10,4734_9755,3,3.0,2.0,1.0
11,4734_9755,1,1.0,3.0,2.0
9,4734_9765,3,3.0,6.0,3.0
10,4734_9765,1,1.0,3.0,6.0
11,4734_9765,1,1.0,1.0,3.0
9,4735_9694,1,1.0,1.0,3.0
11,4735_9694,1,1.0,1.0,1.0
10,4735_9695,2,2.0,2.0,3.0
11,4735_9695,2,2.0,2.0,2.0
11,4735_9713,1,1.0,1.0,3.0
9,4735_9714,2,2.0,4.0,2.0
10,4735_9714,1,1.0,2.0,4.0
11,4735_9714,1,1.0,1.0,2.0
11,4735_9715,1,1.0,2.0,1.0
9,4735_9719,1,1.0,3.0,1.0
10,4735_9719,4,4.0,1.0,3.0
11,4735_9719,2,2.0,4.0,1.0
10,4735_9722,3,3.0,1.0,1.0
11,4735_9726,1,1.0,2.0,1.0
9,4735_9727,2,2.0,1.0,2.0
10,4735_9727,1,1.0,2.0,1.0
11,4735_9727,2,2.0,1.0,2.0
10,4735_9728,1,1.0,1.0,1.0
10,4735_9729,4,4.0,1.0,1.0
11,4735_9729,1,1.0,4.0,1.0
9,4735_9732,1,1.0,1.0,1.0
10,4735_9732,1,1.0,1.0,1.0
11,4735_9732,1,1.0,1.0,1.0
9,4735_9741,2,2.0,2.0,2.0
10,4735_9741,4,4.0,2.0,2.0
11,4735_9741,1,1.0,4.0,2.0
9,4735_9753,9,9.0,4.0,5.0
10,4735_9753,12,12.0,9.0,4.0
11,4735_9753,8,8.0,12.0,9.0
9,4735_9754,14,14.0,14.0,13.0
10,4735_9754,17,17.0,14.0,14.0
11,4735_9754,14,14.0,17.0,14.0
10,4735_9756,1,1.0,2.0,2.0
11,4735_9756,4,4.0,1.0,2.0
9,4736_9693,13,13.0,3.0,4.0
10,4736_9693,1,1.0,13.0,3.0
9,4736_9694,2,2.0,2.0,2.0
11,4736_9694,1,1.0,2.0,2.0
10,4736_9701,2,2.0,1.0,1.0
11,4736_9701,1,1.0,2.0,1.0
9,4736_9702,1,1.0,1.0,2.0
10,4736_9702,1,1.0,1.0,1.0
11,4736_9702,1,1.0,1.0,1.0
9,4736_9703,1,1.0,1.0,2.0
10,4736_9703,1,1.0,1.0,1.0
11,4736_9708,1,1.0,1.0,1.0
9,4736_9712,3,3.0,8.0,6.0
10,4736_9712,4,4.0,3.0,8.0
11,4736_9712,2,2.0,4.0,3.0
9,4736_9713,5,5.0,2.0,1.0
10,4736_9713,3,3.0,5.0,2.0
11,4736_9713,2,2.0,3.0,5.0
9,4736_9714,10,10.0,9.0,1.0
10,4736_9714,3,3.0,10.0,9.0
11,4736_9714,3,3.0,3.0,10.0
9,4736_9715,4,4.0,1.0,3.0
10,4736_9715,4,4.0,4.0,1.0
11,4736_9715,4,4.0,4.0,4.0
11,4736_9718,1,1.0,1.0,1.0
10,4736_9719,1,1.0,2.0,1.0
10,4736_9721,2,2.0,1.0,1.0
9,4736_9725,1,1.0,2.0,1.0
11,4736_9727,1,1.0,4.0,1.0
9,4736_9728,1,1.0,1.0,1.0
9,4736_9733,3,3.0,1.0,2.0
10,4736_9733,1,1.0,3.0,1.0
10,4736_9735,2,2.0,1.0,1.0
11,4736_9741,2,2.0,4.0,2.0
10,4736_9742,2,2.0,4.0,1.0
9,4736_9752,5,5.0,8.0,10.0
10,4736_9752,3,3.0,5.0,8.0
11,4736_9752,2,2.0,3.0,5.0
9,4736_9755,2,2.0,2.0,9.0
10,4736_9755,6,6.0,2.0,2.0
11,4736_9755,5,5.0,6.0,2.0
10,4737_9694,1,1.0,1.0,1.0
11,4737_9694,2,2.0,1.0,1.0
11,4737_9701,1,1.0,2.0,2.0
10,4737_9702,1,1.0,1.0,2.0
11,4737_9702,1,1.0,1.0,1.0
10,4737_9703,1,1.0,6.0,1.0
11,4737_9703,1,1.0,1.0,6.0
9,4737_9705,2,2.0,6.0,4.0
10,4737_9705,2,2.0,2.0,6.0
11,4737_9705,1,1.0,2.0,2.0
9,4737_9706,3,3.0,8.0,7.0
10,4737_9706,4,4.0,3.0,8.0
11,4737_9706,3,3.0,4.0,3.0
9,4737_9707,1,1.0,1.0,1.0
11,4737_9707,1,1.0,1.0,1.0
9,4737_9708,3,3.0,2.0,2.0
10,4737_9708,2,2.0,3.0,2.0
11,4737_9708,2,2.0,2.0,3.0
11,4737_9710,2,2.0,1.0,1.0
10,4737_9712,1,1.0,1.0,1.0
9,4737_9713,1,1.0,5.0,2.0
11,4737_9713,1,1.0,1.0,5.0
9,4737_9714,5,5.0,5.0,3.0
11,4737_9714,2,2.0,5.0,5.0
11,4737_9715,1,1.0,1.0,1.0
11,4737_9716,1,1.0,2.0,1.0
10,4737_9717,2,2.0,1.0,2.0
11,4737_9717,3,3.0,2.0,1.0
9,4737_9724,2,2.0,2.0,1.0
11,4737_9724,2,2.0,2.0,2.0
11,4737_9726,1,1.0,4.0,1.0
10,4737_9727,1,1.0,1.0,1.0
10,4737_9728,2,2.0,2.0,1.0
11,4737_9728,2,2.0,2.0,2.0
9,4737_9738,1,1.0,1.0,2.0
10,4737_9738,1,1.0,1.0,1.0
9,4737_9739,1,1.0,2.0,2.0
10,4737_9739,1,1.0,1.0,2.0
11,4737_9739,3,3.0,1.0,1.0
10,4737_9741,3,3.0,4.0,4.0
9,4737_9752,4,4.0,11.0,2.0
10,4737_9752,3,3.0,4.0,11.0
11,4737_9752,7,7.0,3.0,4.0
10,4737_9753,2,2.0,1.0,8.0
11,4737_9753,4,4.0,2.0,1.0
11,4737_9755,4,4.0,8.0,2.0
9,4737_9756,4,4.0,2.0,5.0
10,4737_9756,5,5.0,4.0,2.0
11,4737_9756,1,1.0,5.0,4.0
10,4737_9757,2,2.0,1.0,2.0
10,4737_9770,2,2.0,2.0,1.0
11,4738_9698,3,3.0,1.0,4.0
9,4738_9702,1,1.0,1.0,2.0
10,4738_9702,2,2.0,1.0,1.0
11,4738_9702,1,1.0,2.0,1.0
9,4738_9704,2,2.0,1.0,2.0
11,4738_9704,1,1.0,2.0,1.0
10,4738_9705,4,4.0,1.0,2.0
10,4738_9712,1,1.0,3.0,2.0
9,4738_9713,2,2.0,3.0,10.0
11,4738_9713,2,2.0,2.0,3.0
9,4738_9714,2,2.0,4.0,2.0
10,4738_9714,3,3.0,2.0,4.0
11,4738_9714,1,1.0,3.0,2.0
9,4738_9716,2,2.0,1.0,3.0
11,4738_9716,1,1.0,2.0,1.0
11,4738_9718,4,4.0,1.0,2.0
11,4738_9719,1,1.0,1.0,1.0
11,4738_9730,1,1.0,1.0,1.0
10,4738_9731,3,3.0,1.0,3.0
11,4738_9732,1,1.0,1.0,1.0
9,4738_9733,1,1.0,1.0,4.0
10,4738_9733,2,2.0,1.0,1.0
9,4738_9736,1,1.0,1.0,1.0
11,4738_9736,1,1.0,1.0,1.0
11,4738_9737,2,2.0,2.0,2.0
10,4738_9739,1,1.0,3.0,1.0
11,4738_9739,2,2.0,1.0,3.0
11,4738_9749,1,1.0,3.0,1.0
10,4738_9750,15,15.0,7.0,2.0
10,4738_9752,3,3.0,4.0,1.0
11,4738_9752,5,5.0,3.0,4.0
9,4738_9753,2,2.0,2.0,1.0
10,4738_9754,2,2.0,1.0,1.0
11,4738_9754,2,2.0,2.0,1.0
9,4738_9755,4,4.0,8.0,4.0
10,4738_9755,6,6.0,4.0,8.0
11,4738_9755,4,4.0,6.0,4.0
10,4738_9756,1,1.0,3.0,1.0
10,4738_9776,3,3.0,1.0,3.0
11,4738_9776,3,3.0,3.0,1.0
9,4739_9713,3,3.0,1.0,2.0
9,4739_9714,1,1.0,1.0,4.0
10,4739_9714,3,3.0,1.0,1.0
9,4739_9716,2,2.0,1.0,3.0
10,4739_9716,2,2.0,2.0,1.0
11,4739_9716,1,1.0,2.0,2.0
10,4739_9720,1,1.0,1.0,2.0
9,4739_9726,2,2.0,1.0,1.0
11,4739_9726,2,2.0,2.0,1.0
9,4739_9729,1,1.0,1.0,1.0
11,4739_9750,2,2.0,3.0,4.0
9,4739_9751,7,7.0,8.0,1.0
10,4739_9751,8,8.0,7.0,8.0
11,4739_9751,2,2.0,8.0,7.0
10,4739_9753,1,1.0,1.0,2.0
11,4739_9753,1,1.0,1.0,1.0
9,4739_9754,16,16.0,7.0,7.0
10,4739_9754,10,10.0,16.0,7.0
11,4739_9754,5,5.0,10.0,16.0
10,4739_9755,6,6.0,4.0,3.0
11,4739_9755,3,3.0,6.0,4.0
9,4739_9764,2,2.0,1.0,1.0
11,4739_9770,1,1.0,1.0,3.0
11,4739_9778,2,2.0,2.0,1.0
11,4739_9783,2,2.0,6.0,1.0
11,4739_9784,1,1.0,2.0,4.0
9,4740_9711,1,1.0,3.0,2.0
9,4740_9713,2,2.0,3.0,1.0
10,4740_9713,4,4.0,2.0,3.0
11,4740_9713,1,1.0,4.0,2.0
9,4740_9715,3,3.0,3.0,5.0
10,4740_9715,2,2.0,3.0,3.0
11,4740_9715,3,3.0,2.0,3.0
9,4740_9716,1,1.0,2.0,1.0
10,4740_9716,4,4.0,1.0,2.0
11,4740_9716,6,6.0,4.0,1.0
9,4740_9725,1,1.0,1.0,3.0
9,4740_9748,4,4.0,2.0,5.0
10,4740_9748,4,4.0,4.0,2.0
11,4740_9748,1,1.0,4.0,4.0
9,4740_9749,4,4.0,4.0,3.0
10,4740_9749,3,3.0,4.0,4.0
11,4740_9749,5,5.0,3.0,4.0
9,4740_9750,1,1.0,2.0,5.0
10,4740_9750,3,3.0,1.0,2.0
11,4740_9750,4,4.0,3.0,1.0
10,4740_9751,3,3.0,1.0,1.0
11,4740_9751,6,6.0,3.0,1.0
9,4740_9752,6,6.0,13.0,10.0
10,4740_9752,15,15.0,6.0,13.0
11,4740_9752,1,1.0,15.0,6.0
9,4740_9753,11,11.0,10.0,6.0
10,4740_9753,8,8.0,11.0,10.0
11,4740_9753,19,19.0,8.0,11.0
10,4740_9755,1,1.0,4.0,1.0
9,4740_9756,4,4.0,1.0,1.0
11,4740_9756,1,1.0,4.0,1.0
9,4740_9762,2,2.0,2.0,2.0
10,4740_9764,2,2.0,2.0,4.0
11,4740_9768,1,1.0,2.0,1.0
10,4740_9771,1,1.0,4.0,2.0
11,4740_9771,3,3.0,1.0,4.0
10,4740_9772,3,3.0,2.0,3.0
11,4740_9772,1,1.0,3.0,2.0
11,4740_9784,5,5.0,1.0,1.0
11,4740_9786,7,7.0,1.0,1.0
9,4741_9711,2,2.0,1.0,1.0
10,4741_9711,1,1.0,2.0,1.0
11,4741_9711,1,1.0,1.0,2.0
9,4741_9713,3,3.0,5.0,5.0
10,4741_9713,2,2.0,3.0,5.0
11,4741_9713,5,5.0,2.0,3.0
10,4741_9714,2,2.0,7.0,4.0
10,4741_9715,2,2.0,3.0,2.0
11,4741_9715,1,1.0,2.0,3.0
10,4741_9725,1,1.0,1.0,1.0
11,4741_9726,1,1.0,1.0,1.0
9,4741_9727,1,1.0,1.0,1.0
11,4741_9733,2,2.0,1.0,1.0
9,4741_9750,6,6.0,11.0,8.0
10,4741_9750,3,3.0,6.0,11.0
11,4741_9750,6,6.0,3.0,6.0
11,4741_9751,1,1.0,1.0,1.0
10,4741_9752,4,4.0,6.0,16.0
11,4741_9753,1,1.0,1.0,3.0
9,4741_9754,1,1.0,4.0,2.0
10,4741_9761,1,1.0,2.0,1.0
11,4741_9761,1,1.0,1.0,2.0
11,4741_9773,7,7.0,1.0,4.0
10,4741_9774,5,5.0,3.0,2.0
11,4741_9774,3,3.0,5.0,3.0
10,4741_9775,1,1.0,3.0,1.0
10,4741_9778,16,16.0,2.0,4.0
11,4741_9778,18,18.0,16.0,2.0
11,4741_9781,1,1.0,4.0,1.0
9,4741_9790,13,13.0,2.0,1.0
10,4741_9790,1,1.0,13.0,2.0
11,4741_9790,3,3.0,1.0,13.0
9,4742_9708,1,1.0,1.0,1.0
10,4742_9708,1,1.0,1.0,1.0
10,4742_9709,2,2.0,2.0,3.0
11,4742_9709,4,4.0,2.0,2.0
9,4742_9710,3,3.0,3.0,1.0
11,4742_9710,3,3.0,3.0,3.0
9,4742_9713,1,1.0,4.0,3.0
10,4742_9713,2,2.0,1.0,4.0
11,4742_9713,4,4.0,2.0,1.0
9,4742_9714,3,3.0,2.0,2.0
10,4742_9714,4,4.0,3.0,2.0
11,4742_9714,2,2.0,4.0,3.0
9,4742_9715,4,4.0,9.0,10.0
10,4742_9715,6,6.0,4.0,9.0
11,4742_9715,8,8.0,6.0,4.0
9,4742_9738,1,1.0,1.0,1.0
9,4742_9749,14,14.0,11.0,8.0
10,4742_9749,9,9.0,14.0,11.0
11,4742_9749,12,12.0,9.0,14.0
9,4742_9750,2,2.0,7.0,4.0
10,4742_9750,2,2.0,2.0,7.0
11,4742_9750,2,2.0,2.0,2.0
9,4742_9754,1,1.0,1.0,2.0
10,4742_9754,1,1.0,1.0,1.0
11,4742_9754,1,1.0,1.0,1.0
10,4742_9755,1,1.0,2.0,2.0
11,4742_9755,3,3.0,1.0,2.0
9,4742_9761,1,1.0,3.0,5.0
10,4742_9761,1,1.0,1.0,3.0
11,4742_9761,1,1.0,1.0,1.0
9,4742_9762,7,7.0,2.0,1.0
11,4742_9765,4,4.0,4.0,4.0
11,4742_9776,1,1.0,5.0,1.0
9,4742_9778,2,2.0,3.0,1.0
11,4742_9778,1,1.0,2.0,3.0
10,4742_9782,2,2.0,1.0,2.0
11,4742_9782,1,1.0,2.0,1.0
9,4742_9784,5,5.0,6.0,1.0
10,4742_9784,1,1.0,5.0,6.0
11,4742_9784,2,2.0,1.0,5.0
11,4742_9785,3,3.0,6.0,2.0
11,4742_9790,5,5.0,2.0,1.0
11,4742_9801,6,6.0,1.0,3.0
10,4742_9802,11,11.0,26.0,1.0
11,4742_9802,6,6.0,11.0,26.0
9,4743_9707,2,2.0,4.0,4.0
11,4743_9707,3,3.0,2.0,4.0
11,4743_9708,3,3.0,1.0,1.0
10,4743_9712,3,3.0,4.0,1.0
11,4743_9712,1,1.0,3.0,4.0
10,4743_9713,2,2.0,1.0,4.0
11,4743_9714,1,1.0,1.0,1.0
9,4743_9715,3,3.0,2.0,1.0
10,4743_9715,6,6.0,3.0,2.0
11,4743_9715,3,3.0,6.0,3.0
9,4743_9719,2,2.0,2.0,5.0
10,4743_9719,4,4.0,2.0,2.0
11,4743_9719,1,1.0,4.0,2.0
11,4743_9722,2,2.0,1.0,3.0
10,4743_9723,4,4.0,1.0,3.0
11,4743_9723,1,1.0,4.0,1.0
11,4743_9727,1,1.0,1.0,1.0
9,4743_9748,2,2.0,2.0,5.0
11,4743_9748,1,1.0,2.0,2.0
9,4743_9750,24,24.0,32.0,38.0
10,4743_9750,18,18.0,24.0,32.0
11,4743_9750,9,9.0,18.0,24.0
11,4743_9751,1,1.0,1.0,1.0
9,4743_9752,5,5.0,11.0,6.0
10,4743_9752,2,2.0,5.0,11.0
11,4743_9752,8,8.0,2.0,5.0
9,4743_9753,5,5.0,10.0,2.0
10,4743_9753,6,6.0,5.0,10.0
11,4743_9753,6,6.0,6.0,5.0
11,4743_9760,1,1.0,1.0,5.0
11,4743_9777,1,1.0,3.0,4.0
10,4743_9778,3,3.0,1.0,1.0
11,4743_9778,1,1.0,3.0,1.0
11,4743_9784,4,4.0,1.0,1.0
9,4743_9785,2,2.0,2.0,2.0
10,4743_9785,1,1.0,2.0,2.0
11,4743_9785,3,3.0,1.0,2.0
11,4743_9786,5,5.0,1.0,1.0
11,4743_9789,3,3.0,2.0,7.0
9,4743_9798,9,9.0,10.0,1.0
10,4743_9798,3,3.0,9.0,10.0
11,4743_9798,7,7.0,3.0,9.0
10,4743_9800,4,4.0,5.0,1.0
11,4743_9800,3,3.0,4.0,5.0
10,4744_9714,1,1.0,1.0,2.0
11,4744_9714,1,1.0,1.0,1.0
9,4744_9715,7,7.0,5.0,8.0
10,4744_9715,4,4.0,7.0,5.0
11,4744_9715,1,1.0,4.0,7.0
9,4744_9717,2,2.0,2.0,2.0
11,4744_9717,1,1.0,2.0,2.0
9,4744_9719,7,7.0,6.0,6.0
10,4744_9719,6,6.0,7.0,6.0
11,4744_9719,10,10.0,6.0,7.0
9,4744_9722,2,2.0,3.0,6.0
10,4744_9722,2,2.0,2.0,3.0
9,4744_9723,10,10.0,6.0,1.0
10,4744_9723,2,2.0,10.0,6.0
11,4744_9723,3,3.0,2.0,10.0
9,4744_9748,2,2.0,1.0,1.0
9,4744_9750,22,22.0,18.0,11.0
10,4744_9750,16,16.0,22.0,18.0
11,4744_9750,10,10.0,16.0,22.0
9,4744_9751,5,5.0,6.0,3.0
10,4744_9751,2,2.0,5.0,6.0
11,4744_9751,4,4.0,2.0,5.0
9,4744_9752,13,13.0,21.0,19.0
10,4744_9752,2,2.0,13.0,21.0
10,4744_9763,1,1.0,1.0,2.0
10,4744_9769,1,1.0,3.0,2.0
11,4744_9769,2,2.0,1.0,3.0
11,4744_9771,3,3.0,10.0,25.0
9,4744_9783,2,2.0,1.0,4.0
10,4744_9783,1,1.0,2.0,1.0
11,4744_9783,1,1.0,1.0,2.0
9,4744_9784,8,8.0,4.0,2.0
9,4744_9788,2,2.0,2.0,1.0
10,4744_9788,4,4.0,2.0,2.0
11,4744_9788,7,7.0,4.0,2.0
9,4744_9789,7,7.0,4.0,3.0
10,4744_9789,1,1.0,7.0,4.0
11,4744_9789,3,3.0,1.0,7.0
11,4744_9793,2,2.0,4.0,1.0
11,4744_9796,1,1.0,2.0,6.0
10,4744_9797,4,4.0,3.0,1.0
11,4744_9797,3,3.0,4.0,3.0
10,4744_9798,3,3.0,5.0,4.0
11,4744_9798,4,4.0,3.0,5.0
9,4745_9713,2,2.0,1.0,1.0
10,4745_9713,2,2.0,2.0,1.0
11,4745_9713,2,2.0,2.0,2.0
10,4745_9714,3,3.0,1.0,1.0
11,4745_9714,2,2.0,3.0,1.0
10,4745_9715,1,1.0,3.0,2.0
11,4745_9715,2,2.0,1.0,3.0
11,4745_9717,1,1.0,1.0,3.0
10,4745_9718,5,5.0,6.0,1.0
11,4745_9718,2,2.0,5.0,6.0
9,4745_9719,5,5.0,3.0,2.0
10,4745_9719,2,2.0,5.0,3.0
11,4745_9719,3,3.0,2.0,5.0
10,4745_9723,1,1.0,1.0,1.0
11,4745_9723,3,3.0,1.0,1.0
9,4745_9724,7,7.0,9.0,8.0
10,4745_9724,7,7.0,7.0,9.0
11,4745_9724,7,7.0,7.0,7.0
10,4745_9725,3,3.0,3.0,2.0
11,4745_9725,2,2.0,3.0,3.0
10,4745_9726,5,5.0,1.0,2.0
11,4745_9727,1,1.0,1.0,1.0
11,4745_9737,3,3.0,2.0,1.0
10,4745_9748,1,1.0,2.0,1.0
11,4745_9748,1,1.0,1.0,2.0
9,4745_9749,3,3.0,5.0,7.0
10,4745_9749,5,5.0,3.0,5.0
11,4745_9749,7,7.0,5.0,3.0
9,4745_9750,3,3.0,5.0,2.0
10,4745_9751,1,1.0,1.0,1.0
11,4745_9751,1,1.0,1.0,1.0
9,4745_9752,11,11.0,7.0,13.0
10,4745_9752,16,16.0,11.0,7.0
11,4745_9752,10,10.0,16.0,11.0
9,4745_9753,4,4.0,2.0,1.0
11,4745_9753,1,1.0,4.0,2.0
9,4745_9754,4,4.0,5.0,6.0
10,4745_9754,8,8.0,4.0,5.0
11,4745_9754,6,6.0,8.0,4.0
9,4745_9755,7,7.0,10.0,6.0
10,4745_9755,5,5.0,7.0,10.0
11,4745_9755,21,21.0,5.0,7.0
9,4745_9756,3,3.0,2.0,4.0
10,4745_9756,4,4.0,3.0,2.0
11,4745_9756,6,6.0,4.0,3.0
10,4745_9764,1,1.0,1.0,1.0
11,4745_9764,1,1.0,1.0,1.0
11,4745_9769,2,2.0,1.0,10.0
9,4745_9770,4,4.0,5.0,4.0
10,4745_9770,5,5.0,4.0,5.0
11,4745_9770,11,11.0,5.0,4.0
10,4745_9771,1,1.0,3.0,1.0
11,4745_9771,1,1.0,1.0,3.0
11,4745_9772,2,2.0,1.0,1.0
9,4745_9773,1,1.0,1.0,1.0
10,4745_9773,3,3.0,1.0,1.0
11,4745_9773,5,5.0,3.0,1.0
11,4745_9775,2,2.0,3.0,1.0
9,4745_9785,9,9.0,16.0,3.0
10,4745_9785,5,5.0,9.0,16.0
11,4745_9785,5,5.0,5.0,9.0
10,4745_9796,6,6.0,4.0,2.0
11,4745_9796,3,3.0,6.0,4.0
11,4745_9802,2,2.0,2.0,1.0
10,4746_9705,1,1.0,1.0,1.0
9,4746_9714,14,14.0,8.0,12.0
10,4746_9714,3,3.0,14.0,8.0
11,4746_9714,6,6.0,3.0,14.0
9,4746_9716,9,9.0,2.0,11.0
10,4746_9716,4,4.0,9.0,2.0
11,4746_9716,3,3.0,4.0,9.0
9,4746_9717,1,1.0,2.0,2.0
10,4746_9717,2,2.0,1.0,2.0
11,4746_9717,2,2.0,2.0,1.0
9,4746_9718,3,3.0,4.0,1.0
10,4746_9718,2,2.0,3.0,4.0
10,4746_9719,3,3.0,1.0,2.0
9,4746_9723,4,4.0,1.0,7.0
10,4746_9723,4,4.0,4.0,1.0
11,4746_9723,1,1.0,4.0,4.0
10,4746_9724,1,1.0,1.0,1.0
11,4746_9724,1,1.0,1.0,1.0
11,4746_9727,3,3.0,1.0,4.0
9,4746_9730,3,3.0,1.0,1.0
10,4746_9730,1,1.0,3.0,1.0
11,4746_9730,3,3.0,1.0,3.0
9,4746_9749,7,7.0,9.0,12.0
10,4746_9749,9,9.0,7.0,9.0
11,4746_9749,7,7.0,9.0,7.0
10,4746_9750,5,5.0,1.0,1.0
11,4746_9750,1,1.0,5.0,1.0
9,4746_9753,20,20.0,9.0,11.0
10,4746_9753,2,2.0,20.0,9.0
11,4746_9753,10,10.0,2.0,20.0
10,4746_9755,2,2.0,1.0,4.0
11,4746_9755,3,3.0,2.0,1.0
11,4746_9765,3,3.0,2.0,5.0
9,4746_9768,2,2.0,1.0,1.0
10,4746_9768,3,3.0,2.0,1.0
11,4746_9768,1,1.0,3.0,2.0
9,4746_9769,6,6.0,2.0,3.0
10,4746_9769,8,8.0,6.0,2.0
11,4746_9769,4,4.0,8.0,6.0
10,4746_9770,3,3.0,9.0,1.0
11,4746_9770,5,5.0,3.0,9.0
10,4746_9779,1,1.0,1.0,4.0
11,4746_9779,4,4.0,1.0,1.0
10,4746_9780,2,2.0,7.0,1.0
9,4746_9782,2,2.0,1.0,1.0
11,4746_9782,4,4.0,2.0,1.0
10,4746_9783,4,4.0,5.0,5.0
11,4746_9783,3,3.0,4.0,5.0
9,4746_9787,5,5.0,1.0,1.0
11,4746_9787,2,2.0,5.0,1.0
9,4747_9711,7,7.0,4.0,3.0
10,4747_9711,6,6.0,7.0,4.0
11,4747_9711,6,6.0,6.0,7.0
9,4747_9712,1,1.0,1.0,2.0
9,4747_9715,1,1.0,2.0,6.0
10,4747_9715,4,4.0,1.0,2.0
11,4747_9715,2,2.0,4.0,1.0
9,4747_9716,1,1.0,2.0,1.0
10,4747_9716,2,2.0,1.0,2.0
11,4747_9716,1,1.0,2.0,1.0
9,4747_9717,2,2.0,6.0,9.0
10,4747_9717,17,17.0,2.0,6.0
11,4747_9717,3,3.0,17.0,2.0
9,4747_9718,1,1.0,4.0,4.0
9,4747_9722,1,1.0,6.0,8.0
10,4747_9722,6,6.0,1.0,6.0
11,4747_9722,4,4.0,6.0,1.0
10,4747_9723,1,1.0,1.0,1.0
11,4747_9723,1,1.0,1.0,1.0
9,4747_9724,2,2.0,11.0,4.0
11,4747_9724,2,2.0,2.0,11.0
9,4747_9728,2,2.0,3.0,3.0
10,4747_9728,3,3.0,2.0,3.0
11,4747_9728,2,2.0,3.0,2.0
9,4747_9729,1,1.0,1.0,1.0
11,4747_9729,3,3.0,1.0,1.0
10,4747_9730,1,1.0,3.0,2.0
11,4747_9730,5,5.0,1.0,3.0
11,4747_9748,1,1.0,2.0,1.0
9,4747_9753,20,20.0,12.0,11.0
10,4747_9753,7,7.0,20.0,12.0
11,4747_9753,30,30.0,7.0,20.0
9,4747_9754,8,8.0,11.0,9.0
10,4747_9754,3,3.0,8.0,11.0
11,4747_9754,5,5.0,3.0,8.0
11,4747_9758,1,1.0,1.0,2.0
9,4747_9759,2,2.0,3.0,6.0
10,4747_9759,7,7.0,2.0,3.0
11,4747_9759,3,3.0,7.0,2.0
11,4747_9760,4,4.0,4.0,1.0
10,4747_9764,1,1.0,1.0,1.0
10,4747_9765,1,1.0,1.0,2.0
11,4747_9765,1,1.0,1.0,1.0
10,4747_9769,8,8.0,6.0,3.0
11,4747_9769,8,8.0,8.0,6.0
11,4747_9770,1,1.0,2.0,2.0
9,4747_9779,5,5.0,3.0,4.0
11,4747_9779,1,1.0,5.0,3.0
9,4747_9780,4,4.0,1.0,4.0
10,4747_9780,3,3.0,4.0,1.0
11,4747_9780,3,3.0,3.0,4.0
11,4747_9781,1,1.0,1.0,5.0
10,4747_9784,2,2.0,8.0,2.0
11,4747_9784,2,2.0,2.0,8.0
10,4747_9785,2,2.0,3.0,1.0
11,4748_9711,1,1.0,1.0,1.0
9,4748_9713,3,3.0,1.0,1.0
10,4748_9713,1,1.0,3.0,1.0
11,4748_9713,2,2.0,1.0,3.0
9,4748_9714,8,8.0,12.0,10.0
10,4748_9714,9,9.0,8.0,12.0
11,4748_9714,3,3.0,9.0,8.0
9,4748_9715,10,10.0,6.0,6.0
10,4748_9715,2,2.0,10.0,6.0
11,4748_9715,8,8.0,2.0,10.0
10,4748_9716,2,2.0,2.0,1.0
11,4748_9716,2,2.0,2.0,2.0
9,4748_9717,3,3.0,1.0,1.0
10,4748_9717,1,1.0,3.0,1.0
9,4748_9718,1,1.0,1.0,1.0
10,4748_9718,5,5.0,1.0,1.0
11,4748_9718,1,1.0,5.0,1.0
9,4748_9728,3,3.0,1.0,1.0
9,4748_9730,1,1.0,1.0,2.0
10,4748_9730,1,1.0,1.0,1.0
10,4748_9731,1,1.0,1.0,1.0
11,4748_9731,1,1.0,1.0,1.0
11,4748_9734,1,1.0,1.0,1.0
10,4748_9759,1,1.0,1.0,2.0
11,4748_9759,4,4.0,1.0,1.0
9,4748_9760,11,11.0,5.0,20.0
10,4748_9760,1,1.0,11.0,5.0
11,4748_9760,7,7.0,1.0,11.0
10,4748_9761,1,1.0,2.0,1.0
11,4748_9762,1,1.0,3.0,3.0
9,4748_9765,1,1.0,6.0,3.0
10,4748_9765,1,1.0,1.0,6.0
10,4748_9769,2,2.0,3.0,1.0
9,4748_9779,1,1.0,3.0,3.0
11,4748_9779,6,6.0,1.0,3.0
10,4748_9784,4,4.0,4.0,2.0
11,4748_9784,5,5.0,4.0,4.0
11,4748_9791,3,3.0,1.0,1.0
10,4749_9705,1,1.0,3.0,2.0
9,4749_9706,2,2.0,1.0,2.0
9,4749_9707,10,10.0,5.0,7.0
10,4749_9707,4,4.0,10.0,5.0
11,4749_9707,7,7.0,4.0,10.0
11,4749_9710,1,1.0,1.0,1.0
9,4749_9711,3,3.0,4.0,3.0
10,4749_9711,1,1.0,3.0,4.0
11,4749_9711,3,3.0,1.0,3.0
10,4749_9716,1,1.0,4.0,1.0
11,4749_9717,1,1.0,1.0,1.0
9,4749_9718,5,5.0,3.0,2.0
10,4749_9718,7,7.0,5.0,3.0
11,4749_9718,3,3.0,7.0,5.0
11,4749_9719,1,1.0,4.0,2.0
10,4749_9723,1,1.0,1.0,1.0
11,4749_9723,2,2.0,1.0,1.0
10,4749_9728,1,1.0,2.0,2.0
11,4749_9728,1,1.0,1.0,2.0
9,4749_9730,3,3.0,4.0,1.0
10,4749_9730,3,3.0,3.0,4.0
11,4749_9730,3,3.0,3.0,3.0
9,4749_9731,4,4.0,1.0,4.0
10,4749_9731,4,4.0,4.0,1.0
11,4749_9731,6,6.0,4.0,4.0
11,4749_9749,4,4.0,2.0,1.0
9,4749_9757,6,6.0,1.0,4.0
10,4749_9757,5,5.0,6.0,1.0
11,4749_9757,3,3.0,5.0,6.0
9,4749_9761,10,10.0,5.0,1.0
10,4749_9761,2,2.0,10.0,5.0
11,4749_9761,7,7.0,2.0,10.0
11,4749_9762,2,2.0,2.0,3.0
11,4749_9771,1,1.0,1.0,6.0
9,4749_9779,2,2.0,1.0,2.0
10,4749_9779,3,3.0,2.0,1.0
11,4749_9779,1,1.0,3.0,2.0
9,4749_9782,1,1.0,4.0,1.0
10,4749_9782,1,1.0,1.0,4.0
11,4749_9782,2,2.0,1.0,1.0
10,4749_9783,5,5.0,6.0,3.0
11,4749_9783,8,8.0,5.0,6.0
9,4750_9707,9,9.0,5.0,3.0
10,4750_9707,2,2.0,9.0,5.0
10,4750_9708,1,1.0,1.0,1.0
9,4750_9710,1,1.0,1.0,1.0
10,4750_9710,2,2.0,1.0,1.0
11,4750_9710,1,1.0,2.0,1.0
10,4750_9715,1,1.0,3.0,2.0
11,4750_9715,2,2.0,1.0,3.0
10,4750_9718,2,2.0,1.0,4.0
10,4750_9724,3,3.0,1.0,5.0
11,4750_9724,4,4.0,3.0,1.0
11,4750_9726,6,6.0,8.0,3.0
11,4750_9728,1,1.0,2.0,2.0
9,4750_9746,1,1.0,3.0,1.0
9,4750_9747,1,1.0,2.0,3.0
10,4750_9747,1,1.0,1.0,2.0
11,4750_9751,1,1.0,1.0,1.0
10,4750_9755,3,3.0,2.0,3.0
11,4750_9755,4,4.0,3.0,2.0
10,4750_9756,4,4.0,3.0,6.0
11,4750_9756,1,1.0,4.0,3.0
10,4750_9761,6,6.0,2.0,1.0
11,4750_9761,7,7.0,6.0,2.0
10,4750_9762,4,4.0,4.0,4.0
11,4750_9762,4,4.0,4.0,4.0
9,4750_9763,7,7.0,4.0,11.0
10,4750_9763,4,4.0,7.0,4.0
9,4750_9765,2,2.0,1.0,2.0
11,4750_9765,2,2.0,2.0,1.0
10,4750_9768,1,1.0,4.0,6.0
9,4750_9778,11,11.0,8.0,2.0
10,4750_9778,3,3.0,11.0,8.0
11,4750_9778,8,8.0,3.0,11.0
9,4750_9779,2,2.0,4.0,6.0
10,4750_9779,2,2.0,2.0,4.0
11,4750_9779,4,4.0,2.0,2.0
11,4750_9781,6,6.0,3.0,1.0
9,4750_9789,14,14.0,25.0,5.0
10,4750_9789,6,6.0,14.0,25.0
11,4750_9789,2,2.0,6.0,14.0
11,4751_9707,2,2.0,2.0,1.0
9,4751_9710,2,2.0,1.0,4.0
10,4751_9710,3,3.0,2.0,1.0
11,4751_9710,4,4.0,3.0,2.0
9,4751_9715,7,7.0,6.0,3.0
10,4751_9715,4,4.0,7.0,6.0
11,4751_9715,2,2.0,4.0,7.0
9,4751_9725,5,5.0,2.0,4.0
10,4751_9725,1,1.0,5.0,2.0
11,4751_9725,3,3.0,1.0,5.0
11,4751_9730,2,2.0,2.0,1.0
10,4751_9734,1,1.0,1.0,1.0
9,4751_9749,1,1.0,1.0,1.0
10,4751_9749,3,3.0,1.0,1.0
11,4751_9749,2,2.0,3.0,1.0
11,4751_9750,3,3.0,7.0,3.0
10,4751_9751,2,2.0,2.0,1.0
11,4751_9751,1,1.0,2.0,2.0
11,4751_9753,5,5.0,2.0,3.0
9,4751_9756,3,3.0,4.0,4.0
9,4751_9763,2,2.0,1.0,4.0
9,4751_9764,1,1.0,1.0,1.0
10,4751_9764,5,5.0,1.0,1.0
11,4751_9764,1,1.0,5.0,1.0
9,4752_9711,2,2.0,1.0,5.0
10,4752_9711,2,2.0,2.0,1.0
9,4752_9712,6,6.0,1.0,7.0
10,4752_9712,6,6.0,6.0,1.0
11,4752_9712,1,1.0,6.0,6.0
9,4752_9713,12,12.0,7.0,5.0
10,4752_9713,11,11.0,12.0,7.0
11,4752_9713,2,2.0,11.0,12.0
9,4752_9714,4,4.0,7.0,4.0
10,4752_9714,7,7.0,4.0,7.0
11,4752_9714,3,3.0,7.0,4.0
9,4752_9715,5,5.0,4.0,3.0
10,4752_9715,6,6.0,5.0,4.0
11,4752_9715,2,2.0,6.0,5.0
10,4752_9725,2,2.0,1.0,2.0
9,4752_9726,1,1.0,1.0,1.0
10,4752_9726,1,1.0,1.0,1.0
11,4752_9727,1,1.0,1.0,1.0
11,4752_9730,3,3.0,1.0,1.0
10,4752_9745,1,1.0,4.0,1.0
10,4752_9750,3,3.0,1.0,1.0
11,4752_9750,1,1.0,3.0,1.0
9,4752_9759,1,1.0,2.0,1.0
11,4752_9759,1,1.0,1.0,2.0
11,4752_9774,3,3.0,2.0,2.0
10,4752_9779,1,1.0,1.0,1.0
11,4752_9803,1,1.0,1.0,1.0
9,4753_9706,2,2.0,2.0,3.0
9,4753_9709,10,10.0,5.0,3.0
10,4753_9709,3,3.0,10.0,5.0
11,4753_9709,5,5.0,3.0,10.0
9,4753_9710,9,9.0,8.0,13.0
10,4753_9710,8,8.0,9.0,8.0
11,4753_9710,8,8.0,8.0,9.0
9,4753_9711,5,5.0,16.0,14.0
10,4753_9711,5,5.0,5.0,16.0
11,4753_9711,7,7.0,5.0,5.0
10,4753_9712,5,5.0,2.0,2.0
11,4753_9712,2,2.0,5.0,2.0
9,4753_9713,10,10.0,2.0,3.0
10,4753_9713,3,3.0,10.0,2.0
11,4753_9713,4,4.0,3.0,10.0
9,4753_9714,14,14.0,5.0,5.0
10,4753_9714,11,11.0,14.0,5.0
11,4753_9714,7,7.0,11.0,14.0
10,4753_9715,2,2.0,3.0,2.0
11,4753_9715,2,2.0,2.0,3.0
10,4753_9717,3,3.0,2.0,2.0
11,4753_9717,1,1.0,3.0,2.0
10,4753_9718,1,1.0,1.0,1.0
11,4753_9718,4,4.0,1.0,1.0
10,4753_9720,1,1.0,1.0,1.0
11,4753_9720,1,1.0,1.0,1.0
9,4753_9722,3,3.0,4.0,4.0
10,4753_9722,5,5.0,3.0,4.0
11,4753_9722,7,7.0,5.0,3.0
10,4753_9724,1,1.0,3.0,1.0
11,4753_9724,1,1.0,1.0,3.0
10,4753_9725,2,2.0,3.0,5.0
11,4753_9725,4,4.0,2.0,3.0
9,4753_9726,2,2.0,1.0,7.0
10,4753_9726,4,4.0,2.0,1.0
11,4753_9726,3,3.0,4.0,2.0
10,4753_9727,1,1.0,1.0,1.0
9,4753_9730,1,1.0,2.0,2.0
10,4753_9730,1,1.0,1.0,2.0
11,4753_9730,1,1.0,1.0,1.0
10,4753_9746,4,4.0,2.0,4.0
11,4753_9746,8,8.0,4.0,2.0
11,4753_9747,2,2.0,3.0,1.0
10,4753_9751,4,4.0,3.0,1.0
11,4753_9751,1,1.0,4.0,3.0
9,4754_9710,6,6.0,2.0,5.0
11,4754_9710,1,1.0,6.0,2.0
9,4754_9711,3,3.0,5.0,4.0
10,4754_9711,5,5.0,3.0,5.0
11,4754_9711,2,2.0,5.0,3.0
10,4754_9712,2,2.0,2.0,1.0
11,4754_9712,2,2.0,2.0,2.0
9,4754_9713,2,2.0,3.0,5.0
10,4754_9713,4,4.0,2.0,3.0
11,4754_9713,4,4.0,4.0,2.0
9,4754_9716,2,2.0,2.0,3.0
10,4754_9716,2,2.0,2.0,2.0
11,4754_9716,7,7.0,2.0,2.0
9,4754_9717,4,4.0,1.0,2.0
10,4754_9717,3,3.0,4.0,1.0
11,4754_9717,2,2.0,3.0,4.0
9,4754_9718,1,1.0,2.0,2.0
10,4754_9718,1,1.0,1.0,2.0
10,4754_9722,1,1.0,2.0,2.0
11,4754_9722,1,1.0,1.0,2.0
10,4754_9724,3,3.0,2.0,1.0
11,4754_9724,1,1.0,3.0,2.0
9,4754_9725,1,1.0,3.0,1.0
10,4754_9725,1,1.0,1.0,3.0
11,4754_9725,4,4.0,1.0,1.0
10,4754_9726,1,1.0,1.0,1.0
11,4754_9726,2,2.0,1.0,1.0
10,4754_9729,1,1.0,1.0,1.0
11,4754_9729,1,1.0,1.0,1.0
11,4754_9745,1,1.0,2.0,1.0
9,4754_9746,2,2.0,1.0,6.0
10,4754_9746,4,4.0,2.0,1.0
11,4754_9746,3,3.0,4.0,2.0
9,4754_9747,2,2.0,5.0,4.0
10,4754_9747,1,1.0,2.0,5.0
11,4754_9747,3,3.0,1.0,2.0
10,4754_9748,3,3.0,2.0,1.0
11,4754_9748,3,3.0,3.0,2.0
10,4754_9749,3,3.0,1.0,1.0
11,4754_9749,2,2.0,3.0,1.0
9,4754_9751,9,9.0,1.0,4.0
10,4754_9751,9,9.0,9.0,1.0
11,4754_9751,2,2.0,9.0,9.0
9,4754_9755,1,1.0,1.0,1.0
10,4754_9755,1,1.0,1.0,1.0
11,4754_9755,3,3.0,1.0,1.0
9,4754_9758,7,7.0,5.0,3.0
10,4754_9758,11,11.0,7.0,5.0
11,4754_9758,4,4.0,11.0,7.0
9,4755_9711,6,6.0,1.0,4.0
10,4755_9711,2,2.0,6.0,1.0
11,4755_9711,1,1.0,2.0,6.0
10,4755_9713,1,1.0,1.0,2.0
10,4755_9714,1,1.0,1.0,1.0
11,4755_9714,2,2.0,1.0,1.0
10,4755_9715,1,1.0,1.0,1.0
11,4755_9715,5,5.0,1.0,1.0
10,4755_9717,1,1.0,2.0,1.0
9,4755_9718,1,1.0,2.0,1.0
10,4755_9718,5,5.0,1.0,2.0
9,4755_9724,1,1.0,3.0,1.0
11,4755_9724,1,1.0,1.0,3.0
11,4755_9725,3,3.0,2.0,1.0
11,4755_9727,1,1.0,2.0,4.0
10,4755_9746,4,4.0,2.0,2.0
9,4755_9747,2,2.0,6.0,6.0
10,4755_9747,2,2.0,2.0,6.0
11,4755_9747,16,16.0,2.0,2.0
9,4755_9748,4,4.0,4.0,8.0
10,4755_9748,5,5.0,4.0,4.0
11,4755_9748,6,6.0,5.0,4.0
11,4755_9749,1,1.0,5.0,1.0
9,4755_9750,3,3.0,1.0,4.0
10,4755_9750,5,5.0,3.0,1.0
11,4755_9750,8,8.0,5.0,3.0
11,4755_9753,1,1.0,4.0,2.0
10,4755_9754,2,2.0,2.0,2.0
11,4755_9755,4,4.0,3.0,2.0
9,4755_9759,1,1.0,5.0,1.0
10,4755_9759,7,7.0,1.0,5.0
11,4755_9759,3,3.0,7.0,1.0
10,4755_9760,16,16.0,5.0,5.0
11,4755_9760,3,3.0,16.0,5.0
11,4755_9772,2,2.0,4.0,1.0
9,4756_9711,6,6.0,5.0,10.0
10,4756_9711,1,1.0,6.0,5.0
11,4756_9711,2,2.0,1.0,6.0
10,4756_9712,3,3.0,2.0,1.0
11,4756_9712,2,2.0,3.0,2.0
9,4756_9713,4,4.0,2.0,6.0
10,4756_9713,1,1.0,4.0,2.0
11,4756_9713,2,2.0,1.0,4.0
9,4756_9714,1,1.0,3.0,1.0
10,4756_9714,1,1.0,1.0,3.0
9,4756_9715,2,2.0,3.0,2.0
10,4756_9715,1,1.0,2.0,3.0
11,4756_9715,1,1.0,1.0,2.0
9,4756_9717,13,13.0,3.0,9.0
10,4756_9717,4,4.0,13.0,3.0
11,4756_9717,4,4.0,4.0,13.0
9,4756_9718,8,8.0,1.0,4.0
10,4756_9718,2,2.0,8.0,1.0
11,4756_9718,1,1.0,2.0,8.0
9,4756_9719,4,4.0,3.0,1.0
11,4756_9721,1,1.0,1.0,1.0
11,4756_9724,4,4.0,2.0,1.0
10,4756_9725,6,6.0,1.0,1.0
11,4756_9725,2,2.0,6.0,1.0
10,4756_9726,1,1.0,2.0,1.0
11,4756_9727,5,5.0,4.0,2.0
9,4756_9728,1,1.0,6.0,2.0
10,4756_9728,1,1.0,1.0,6.0
11,4756_9728,3,3.0,1.0,1.0
9,4756_9742,7,7.0,1.0,3.0
10,4756_9742,7,7.0,7.0,1.0
11,4756_9742,5,5.0,7.0,7.0
11,4756_9750,4,4.0,1.0,4.0
11,4756_9751,3,3.0,2.0,1.0
11,4756_9755,3,3.0,1.0,4.0
11,4757_9709,1,1.0,1.0,1.0
11,4757_9710,1,1.0,2.0,1.0
10,4757_9711,1,1.0,1.0,1.0
9,4757_9712,2,2.0,4.0,3.0
10,4757_9712,4,4.0,2.0,4.0
11,4757_9712,1,1.0,4.0,2.0
9,4757_9713,4,4.0,2.0,7.0
10,4757_9713,6,6.0,4.0,2.0
11,4757_9713,5,5.0,6.0,4.0
9,4757_9715,5,5.0,4.0,1.0
10,4757_9715,4,4.0,5.0,4.0
9,4757_9716,1,1.0,3.0,7.0
10,4757_9716,3,3.0,1.0,3.0
11,4757_9716,1,1.0,3.0,1.0
10,4757_9719,2,2.0,1.0,2.0
9,4757_9720,2,2.0,3.0,1.0
10,4757_9720,2,2.0,2.0,3.0
10,4757_9721,1,1.0,1.0,3.0
11,4757_9721,1,1.0,1.0,1.0
9,4757_9722,2,2.0,1.0,1.0
11,4757_9725,2,2.0,1.0,1.0
10,4757_9726,3,3.0,1.0,2.0
11,4757_9726,1,1.0,3.0,1.0
10,4757_9727,1,1.0,1.0,2.0
11,4757_9727,2,2.0,1.0,1.0
10,4757_9728,1,1.0,1.0,1.0
10,4757_9729,3,3.0,2.0,2.0
11,4757_9729,1,1.0,3.0,2.0
10,4757_9730,5,5.0,5.0,3.0
11,4757_9730,2,2.0,5.0,5.0
11,4757_9750,1,1.0,3.0,3.0
10,4758_9713,6,6.0,9.0,3.0
11,4758_9713,2,2.0,6.0,9.0
10,4758_9717,2,2.0,3.0,2.0
9,4758_9720,3,3.0,2.0,3.0
10,4758_9720,2,2.0,3.0,2.0
11,4758_9720,1,1.0,2.0,3.0
9,4758_9721,3,3.0,8.0,8.0
10,4758_9721,3,3.0,3.0,8.0
11,4758_9721,4,4.0,3.0,3.0
10,4758_9723,1,1.0,1.0,2.0
11,4758_9723,1,1.0,1.0,1.0
9,4758_9724,8,8.0,8.0,1.0
10,4758_9724,7,7.0,8.0,8.0
11,4758_9724,2,2.0,7.0,8.0
10,4758_9725,1,1.0,3.0,4.0
11,4758_9725,1,1.0,1.0,3.0
9,4758_9726,5,5.0,3.0,3.0
10,4758_9726,3,3.0,5.0,3.0
11,4758_9729,5,5.0,1.0,2.0
9,4758_9730,2,2.0,1.0,2.0
10,4758_9730,2,2.0,2.0,1.0
11,4758_9730,2,2.0,2.0,2.0
10,4758_9751,4,4.0,3.0,1.0
10,4759_9712,1,1.0,5.0,2.0
11,4759_9712,1,1.0,1.0,5.0
10,4759_9713,2,2.0,2.0,1.0
11,4759_9713,1,1.0,2.0,2.0
9,4759_9714,2,2.0,3.0,3.0
10,4759_9714,1,1.0,2.0,3.0
11,4759_9714,4,4.0,1.0,2.0
9,4759_9718,4,4.0,7.0,2.0
11,4759_9718,4,4.0,4.0,7.0
9,4759_9720,3,3.0,4.0,10.0
10,4759_9720,2,2.0,3.0,4.0
11,4759_9720,1,1.0,2.0,3.0
10,4759_9722,3,3.0,2.0,3.0
10,4759_9726,1,1.0,1.0,1.0
9,4759_9728,4,4.0,4.0,3.0
10,4759_9728,3,3.0,4.0,4.0
11,4759_9728,2,2.0,3.0,4.0
10,4759_9744,6,6.0,2.0,1.0
9,4759_9745,8,8.0,1.0,3.0
10,4759_9745,4,4.0,8.0,1.0
11,4759_9745,2,2.0,4.0,8.0
11,4759_9755,2,2.0,1.0,1.0
9,4760_9710,3,3.0,3.0,2.0
10,4760_9710,4,4.0,3.0,3.0
11,4760_9710,2,2.0,4.0,3.0
9,4760_9711,1,1.0,1.0,2.0
10,4760_9711,4,4.0,1.0,1.0
11,4760_9712,2,2.0,1.0,1.0
9,4760_9713,4,4.0,8.0,12.0
10,4760_9713,3,3.0,4.0,8.0
11,4760_9713,3,3.0,3.0,4.0
9,4760_9715,1,1.0,1.0,1.0
10,4760_9715,1,1.0,1.0,1.0
9,4760_9716,12,12.0,10.0,16.0
10,4760_9716,12,12.0,12.0,10.0
11,4760_9716,8,8.0,12.0,12.0
9,4760_9718,1,1.0,1.0,4.0
10,4760_9718,6,6.0,1.0,1.0
11,4760_9718,11,11.0,6.0,1.0
9,4760_9720,3,3.0,6.0,2.0
10,4760_9720,4,4.0,3.0,6.0
11,4760_9720,4,4.0,4.0,3.0
9,4760_9721,6,6.0,4.0,4.0
10,4760_9721,9,9.0,6.0,4.0
11,4760_9721,3,3.0,9.0,6.0
9,4760_9722,7,7.0,2.0,1.0
10,4760_9722,2,2.0,7.0,2.0
11,4760_9722,6,6.0,2.0,7.0
9,4760_9745,8,8.0,1.0,2.0
10,4760_9745,6,6.0,8.0,1.0
11,4760_9745,5,5.0,6.0,8.0
9,4760_9746,4,4.0,1.0,6.0
10,4760_9746,5,5.0,4.0,1.0
11,4760_9746,3,3.0,5.0,4.0
11,4760_9750,3,3.0,1.0,1.0
10,4761_9710,1,1.0,2.0,1.0
11,4761_9710,1,1.0,1.0,2.0
9,4761_9713,4,4.0,1.0,2.0
10,4761_9713,2,2.0,4.0,1.0
11,4761_9713,2,2.0,2.0,4.0
9,4761_9717,1,1.0,1.0,2.0
9,4761_9719,3,3.0,7.0,3.0
10,4761_9719,7,7.0,3.0,7.0
11,4761_9719,3,3.0,7.0,3.0
9,4761_9720,2,2.0,3.0,3.0
10,4761_9720,3,3.0,2.0,3.0
11,4761_9720,7,7.0,3.0,2.0
10,4761_9722,1,1.0,1.0,1.0
10,4761_9723,2,2.0,2.0,3.0
10,4761_9724,1,1.0,1.0,2.0
11,4761_9724,1,1.0,1.0,1.0
11,4761_9727,4,4.0,5.0,2.0
9,4761_9728,1,1.0,3.0,2.0
10,4761_9728,1,1.0,1.0,3.0
11,4761_9728,4,4.0,1.0,1.0
11,4761_9745,1,1.0,1.0,1.0
10,4761_9748,1,1.0,1.0,1.0
10,4761_9749,1,1.0,2.0,1.0
11,4761_9749,4,4.0,1.0,2.0
9,4762_9708,4,4.0,5.0,4.0
11,4762_9708,1,1.0,4.0,5.0
10,4762_9709,1,1.0,4.0,2.0
9,4762_9710,1,1.0,1.0,1.0
10,4762_9710,3,3.0,1.0,1.0
11,4762_9710,3,3.0,3.0,1.0
9,4762_9711,2,2.0,6.0,3.0
11,4762_9711,1,1.0,2.0,6.0
9,4762_9717,6,6.0,1.0,2.0
11,4762_9725,2,2.0,2.0,2.0
9,4762_9727,2,2.0,2.0,2.0
10,4762_9727,3,3.0,2.0,2.0
11,4762_9727,6,6.0,3.0,2.0
9,4762_9749,3,3.0,3.0,6.0
10,4762_9749,7,7.0,3.0,3.0
11,4762_9749,1,1.0,7.0,3.0
10,4762_9751,2,2.0,1.0,1.0
9,4762_9752,2,2.0,1.0,1.0
11,4762_9752,5,5.0,2.0,1.0
9,4762_9755,22,22.0,15.0,9.0
10,4762_9755,10,10.0,22.0,15.0
11,4762_9755,3,3.0,10.0,22.0
9,4762_9756,3,3.0,2.0,5.0
10,4762_9756,1,1.0,3.0,2.0
11,4762_9756,3,3.0,1.0,3.0
10,4763_9709,7,7.0,2.0,1.0
11,4763_9709,2,2.0,7.0,2.0
9,4763_9712,5,5.0,1.0,6.0
10,4763_9712,1,1.0,5.0,1.0
9,4763_9713,1,1.0,2.0,1.0
10,4763_9713,3,3.0,1.0,2.0
9,4763_9717,1,1.0,1.0,1.0
10,4763_9750,3,3.0,1.0,1.0
10,4763_9751,3,3.0,4.0,2.0
11,4763_9751,2,2.0,3.0,4.0
9,4763_9753,4,4.0,9.0,3.0
10,4763_9753,2,2.0,4.0,9.0
11,4763_9753,2,2.0,2.0,4.0
9,4763_9755,1,1.0,2.0,3.0
10,4763_9755,1,1.0,1.0,2.0
11,4764_9707,1,1.0,3.0,1.0
9,4764_9713,14,14.0,5.0,6.0
10,4764_9713,7,7.0,14.0,5.0
11,4764_9713,2,2.0,7.0,14.0
9,4764_9726,4,4.0,1.0,7.0
11,4764_9726,5,5.0,4.0,1.0
11,4765_9717,1,1.0,1.0,2.0
9,4765_9719,1,1.0,1.0,1.0
10,4765_9719,1,1.0,1.0,1.0
10,4765_9760,2,2.0,2.0,1.0
9,4766_9714,3,3.0,2.0,4.0
10,4766_9714,1,1.0,3.0,2.0
11,4766_9714,5,5.0,1.0,3.0
11,4766_9717,1,1.0,1.0,2.0
10,4766_9758,2,2.0,1.0,1.0
11,4767_9717,1,1.0,1.0,1.0
11,4767_9756,1,1.0,2.0,2.0
9,4768_9711,5,5.0,3.0,3.0
10,4768_9711,2,2.0,5.0,3.0
9,4768_9718,1,1.0,1.0,1.0
11,4768_9718,1,1.0,1.0,1.0
11,4768_9719,1,1.0,1.0,3.0
11,4768_9754,1,1.0,1.0,2.0
10,4769_9714,2,2.0,1.0,1.0
11,4769_9714,1,1.0,2.0,1.0
10,4770_9710,1,1.0,1.0,2.0
10,4770_9714,1,1.0,1.0,2.0
10,4771_9716,1,1.0,2.0,1.0
11,4771_9716,2,2.0,1.0,2.0
10,4781_9711,3,3.0,1.0,4.0
9,4782_9711,1,1.0,3.0,8.0
10,4782_9711,9,9.0,1.0,3.0
11,4782_9711,3,3.0,9.0,1.0
9,4783_9711,27,27.0,11.0,5.0
10,4783_9711,36,36.0,27.0,11.0
11,4783_9711,16,16.0,36.0,27.0
11,4784_9721,1,1.0,1.0,1.0
10,4785_9712,16,16.0,3.0,1.0
11,4785_9712,1,1.0,16.0,3.0
9,4785_9715,4,4.0,1.0,1.0
11,4785_9715,1,1.0,4.0,1.0
10,4785_9718,1,1.0,1.0,1.0
9,4785_9731,1,1.0,3.0,1.0
10,4785_9731,4,4.0,1.0,3.0
11,4786_9714,4,4.0,1.0,5.0
9,4786_9715,4,4.0,6.0,1.0
10,4786_9715,1,1.0,4.0,6.0
11,4786_9715,1,1.0,1.0,4.0
11,4786_9717,2,2.0,1.0,2.0
10,4787_9713,2,2.0,1.0,2.0
11,4787_9713,2,2.0,2.0,1.0
9,4787_9714,3,3.0,6.0,3.0
10,4787_9714,2,2.0,3.0,6.0
11,4787_9714,3,3.0,2.0,3.0
9,4787_9715,18,18.0,18.0,14.0
10,4787_9715,13,13.0,18.0,18.0
11,4787_9715,16,16.0,13.0,18.0
9,4787_9719,1,1.0,2.0,1.0
10,4787_9719,1,1.0,1.0,2.0
10,4787_9808,1,1.0,3.0,1.0
9,4788_9714,1,1.0,1.0,2.0
9,4788_9718,14,14.0,7.0,6.0
9,4788_9719,2,2.0,8.0,6.0
11,4788_9719,1,1.0,2.0,8.0
9,4788_9722,1,1.0,2.0,1.0
9,4788_9730,11,11.0,25.0,28.0
10,4788_9731,1,1.0,6.0,7.0
11,4788_9734,4,4.0,2.0,1.0
11,4788_9735,14,14.0,6.0,3.0
9,4789_9714,12,12.0,6.0,12.0
10,4789_9714,2,2.0,12.0,6.0
11,4789_9714,2,2.0,2.0,12.0
9,4789_9715,7,7.0,4.0,9.0
10,4789_9715,2,2.0,7.0,4.0
11,4789_9715,2,2.0,2.0,7.0
11,4789_9719,1,1.0,3.0,2.0
9,4789_9721,1,1.0,7.0,8.0
10,4789_9721,8,8.0,1.0,7.0
11,4789_9721,3,3.0,8.0,1.0
9,4789_9723,2,2.0,5.0,6.0
10,4789_9723,3,3.0,2.0,5.0
9,4789_9724,7,7.0,10.0,16.0
10,4789_9724,1,1.0,7.0,10.0
11,4789_9724,1,1.0,1.0,7.0
9,4789_9730,6,6.0,3.0,2.0
11,4789_9730,2,2.0,6.0,3.0
9,4789_9731,22,22.0,24.0,19.0
10,4789_9731,3,3.0,22.0,24.0
11,4789_9731,4,4.0,3.0,22.0
9,4789_9732,9,9.0,14.0,9.0
10,4789_9732,1,1.0,9.0,14.0
11,4789_9734,8,8.0,13.0,1.0
11,4789_9736,3,3.0,2.0,3.0
10,4790_9714,1,1.0,4.0,1.0
11,4790_9714,6,6.0,1.0,4.0
9,4790_9718,2,2.0,3.0,2.0
11,4790_9718,2,2.0,2.0,3.0
9,4790_9719,6,6.0,4.0,9.0
10,4790_9719,5,5.0,6.0,4.0
11,4790_9719,2,2.0,5.0,6.0
9,4790_9720,5,5.0,3.0,15.0
10,4790_9720,9,9.0,5.0,3.0
11,4790_9720,6,6.0,9.0,5.0
9,4790_9721,3,3.0,2.0,11.0
10,4790_9721,3,3.0,3.0,2.0
9,4790_9722,3,3.0,10.0,6.0
10,4790_9722,4,4.0,3.0,10.0
11,4790_9722,2,2.0,4.0,3.0
9,4790_9723,2,2.0,4.0,8.0
10,4790_9723,1,1.0,2.0,4.0
11,4790_9723,3,3.0,1.0,2.0
9,4790_9731,10,10.0,1.0,4.0
11,4790_9731,2,2.0,10.0,1.0
9,4790_9732,14,14.0,26.0,56.0
10,4790_9732,6,6.0,14.0,26.0
11,4790_9732,1,1.0,6.0,14.0
11,4790_9733,4,4.0,2.0,1.0
11,4791_9705,1,1.0,1.0,1.0
9,4791_9714,1,1.0,1.0,3.0
10,4791_9714,1,1.0,1.0,1.0
11,4791_9714,2,2.0,1.0,1.0
9,4791_9715,2,2.0,3.0,8.0
10,4791_9715,10,10.0,2.0,3.0
11,4791_9715,8,8.0,10.0,2.0
9,4791_9716,5,5.0,8.0,10.0
10,4791_9716,11,11.0,5.0,8.0
9,4791_9718,7,7.0,11.0,23.0
10,4791_9718,4,4.0,7.0,11.0
11,4791_9718,1,1.0,4.0,7.0
9,4791_9719,3,3.0,8.0,11.0
10,4791_9719,11,11.0,3.0,8.0
11,4791_9719,2,2.0,11.0,3.0
9,4791_9720,8,8.0,10.0,27.0
10,4791_9720,15,15.0,8.0,10.0
11,4791_9720,6,6.0,15.0,8.0
9,4791_9721,1,1.0,15.0,10.0
9,4791_9731,7,7.0,2.0,4.0
10,4791_9731,1,1.0,7.0,2.0
9,4791_9732,3,3.0,2.0,3.0
10,4791_9732,1,1.0,3.0,2.0
9,4791_9733,6,6.0,5.0,2.0
10,4791_9733,3,3.0,6.0,5.0
11,4791_9733,6,6.0,3.0,6.0
10,4791_9737,3,3.0,2.0,1.0
10,4791_9809,1,1.0,1.0,1.0
11,4792_9707,2,2.0,1.0,1.0
11,4792_9708,1,1.0,1.0,1.0
9,4792_9713,11,11.0,2.0,10.0
10,4792_9713,10,10.0,11.0,2.0
11,4792_9713,2,2.0,10.0,11.0
9,4792_9714,7,7.0,3.0,6.0
10,4792_9714,5,5.0,7.0,3.0
11,4792_9714,2,2.0,5.0,7.0
9,4792_9715,26,26.0,7.0,17.0
10,4792_9715,10,10.0,26.0,7.0
11,4792_9715,19,19.0,10.0,26.0
9,4792_9716,4,4.0,9.0,10.0
10,4792_9716,7,7.0,4.0,9.0
11,4792_9716,7,7.0,7.0,4.0
9,4792_9717,1,1.0,12.0,9.0
10,4792_9717,3,3.0,1.0,12.0
11,4792_9717,1,1.0,3.0,1.0
9,4792_9718,2,2.0,3.0,2.0
10,4792_9718,6,6.0,2.0,3.0
11,4792_9718,1,1.0,6.0,2.0
9,4792_9719,6,6.0,11.0,27.0
10,4792_9719,14,14.0,6.0,11.0
11,4792_9719,6,6.0,14.0,6.0
10,4792_9720,2,2.0,4.0,7.0
9,4792_9722,4,4.0,2.0,1.0
10,4792_9722,3,3.0,4.0,2.0
11,4792_9722,4,4.0,3.0,4.0
9,4792_9723,4,4.0,21.0,28.0
10,4792_9723,12,12.0,4.0,21.0
11,4792_9723,14,14.0,12.0,4.0
9,4792_9725,29,29.0,17.0,28.0
10,4792_9725,43,43.0,29.0,17.0
11,4792_9725,8,8.0,43.0,29.0
10,4792_9726,7,7.0,19.0,5.0
11,4792_9726,3,3.0,7.0,19.0
11,4792_9732,1,1.0,7.0,6.0
9,4792_9734,21,21.0,32.0,28.0
10,4792_9734,6,6.0,21.0,32.0
11,4792_9734,16,16.0,6.0,21.0
9,4792_9806,1,1.0,1.0,1.0
9,4793_9708,1,1.0,1.0,1.0
10,4793_9708,1,1.0,1.0,1.0
9,4793_9711,2,2.0,4.0,4.0
10,4793_9711,3,3.0,2.0,4.0
11,4793_9711,1,1.0,3.0,2.0
9,4793_9714,9,9.0,8.0,13.0
10,4793_9714,7,7.0,9.0,8.0
11,4793_9714,9,9.0,7.0,9.0
9,4793_9715,24,24.0,11.0,22.0
10,4793_9715,30,30.0,24.0,11.0
11,4793_9715,15,15.0,30.0,24.0
9,4793_9716,2,2.0,2.0,7.0
10,4793_9716,1,1.0,2.0,2.0
11,4793_9716,8,8.0,1.0,2.0
9,4793_9717,2,2.0,8.0,14.0
10,4793_9717,2,2.0,2.0,8.0
11,4793_9717,6,6.0,2.0,2.0
9,4793_9718,14,14.0,9.0,21.0
10,4793_9718,9,9.0,14.0,9.0
11,4793_9718,14,14.0,9.0,14.0
9,4793_9719,6,6.0,3.0,3.0
10,4793_9719,2,2.0,6.0,3.0
11,4793_9719,8,8.0,2.0,6.0
10,4793_9725,1,1.0,1.0,2.0
10,4793_9726,4,4.0,7.0,1.0
11,4793_9726,1,1.0,4.0,7.0
9,4793_9730,29,29.0,31.0,86.0
10,4793_9730,21,21.0,29.0,31.0
11,4793_9730,40,40.0,21.0,29.0
9,4793_9734,7,7.0,3.0,2.0
9,4793_9806,1,1.0,2.0,4.0
10,4793_9806,1,1.0,1.0,2.0
11,4793_9806,1,1.0,1.0,1.0
11,4793_9811,1,1.0,1.0,1.0
9,4793_9812,3,3.0,3.0,2.0
10,4793_9812,2,2.0,3.0,3.0
11,4793_9812,2,2.0,2.0,3.0
9,4793_9813,1,1.0,1.0,1.0
9,4793_9815,4,4.0,1.0,1.0
10,4793_9815,1,1.0,4.0,1.0
9,4794_9701,11,11.0,4.0,4.0
11,4794_9701,9,9.0,11.0,4.0
11,4794_9702,5,5.0,3.0,7.0
9,4794_9703,11,11.0,7.0,12.0
10,4794_9703,5,5.0,11.0,7.0
11,4794_9703,11,11.0,5.0,11.0
9,4794_9704,7,7.0,9.0,3.0
10,4794_9704,6,6.0,7.0,9.0
11,4794_9704,7,7.0,6.0,7.0
9,4794_9708,1,1.0,6.0,2.0
11,4794_9708,6,6.0,1.0,6.0
9,4794_9709,2,2.0,4.0,5.0
10,4794_9709,1,1.0,2.0,4.0
11,4794_9709,7,7.0,1.0,2.0
9,4794_9710,1,1.0,1.0,5.0
10,4794_9710,2,2.0,1.0,1.0
11,4794_9710,4,4.0,2.0,1.0
9,4794_9711,2,2.0,4.0,7.0
10,4794_9711,5,5.0,2.0,4.0
11,4794_9711,3,3.0,5.0,2.0
9,4794_9713,3,3.0,1.0,1.0
9,4794_9714,1,1.0,3.0,6.0
10,4794_9714,6,6.0,1.0,3.0
11,4794_9714,8,8.0,6.0,1.0
9,4794_9715,1,1.0,2.0,3.0
10,4794_9715,1,1.0,1.0,2.0
11,4794_9715,1,1.0,1.0,1.0
9,4794_9716,6,6.0,2.0,10.0
11,4794_9716,4,4.0,6.0,2.0
9,4794_9717,4,4.0,5.0,22.0
10,4794_9717,10,10.0,4.0,5.0
11,4794_9717,6,6.0,10.0,4.0
9,4794_9718,12,12.0,7.0,1.0
10,4794_9718,5,5.0,12.0,7.0
11,4794_9718,22,22.0,5.0,12.0
11,4794_9719,1,1.0,1.0,1.0
9,4794_9720,5,5.0,1.0,3.0
11,4794_9720,4,4.0,5.0,1.0
9,4794_9725,6,6.0,6.0,2.0
10,4794_9725,8,8.0,6.0,6.0
11,4794_9725,7,7.0,8.0,6.0
11,4794_9727,4,4.0,10.0,2.0
10,4794_9728,3,3.0,8.0,2.0
11,4794_9728,4,4.0,3.0,8.0
9,4794_9732,8,8.0,2.0,1.0
9,4794_9733,4,4.0,15.0,47.0
10,4794_9733,2,2.0,4.0,15.0
9,4794_9734,1,1.0,2.0,3.0
11,4794_9734,1,1.0,1.0,2.0
9,4794_9735,5,5.0,7.0,6.0
11,4794_9737,5,5.0,1.0,1.0
11,4794_9738,1,1.0,9.0,1.0
10,4794_9804,1,1.0,3.0,1.0
11,4794_9804,4,4.0,1.0,3.0
9,4794_9805,1,1.0,2.0,1.0
10,4794_9805,2,2.0,1.0,2.0
11,4794_9805,1,1.0,2.0,1.0
11,4794_9806,1,1.0,1.0,3.0
9,4794_9809,1,1.0,4.0,1.0
9,4795_9703,3,3.0,2.0,2.0
11,4795_9703,3,3.0,3.0,2.0
10,4795_9706,2,2.0,1.0,1.0
11,4795_9706,1,1.0,2.0,1.0
10,4795_9707,2,2.0,1.0,2.0
11,4795_9707,2,2.0,2.0,1.0
9,4795_9711,1,1.0,3.0,6.0
10,4795_9711,3,3.0,1.0,3.0
11,4795_9711,2,2.0,3.0,1.0
9,4795_9712,12,12.0,6.0,7.0
10,4795_9712,13,13.0,12.0,6.0
11,4795_9712,10,10.0,13.0,12.0
9,4795_9714,4,4.0,4.0,8.0
10,4795_9714,1,1.0,4.0,4.0
11,4795_9714,4,4.0,1.0,4.0
10,4795_9715,1,1.0,1.0,3.0
10,4795_9717,4,4.0,2.0,4.0
11,4795_9717,1,1.0,4.0,2.0
9,4795_9718,1,1.0,2.0,2.0
10,4795_9718,1,1.0,1.0,2.0
11,4795_9718,1,1.0,1.0,1.0
9,4795_9720,8,8.0,3.0,1.0
11,4795_9720,3,3.0,8.0,3.0
10,4795_9722,1,1.0,4.0,5.0
9,4795_9723,1,1.0,3.0,6.0
11,4795_9723,2,2.0,1.0,3.0
11,4795_9724,7,7.0,1.0,3.0
11,4795_9728,2,2.0,6.0,1.0
9,4795_9729,11,11.0,46.0,30.0
10,4795_9729,31,31.0,11.0,46.0
11,4795_9729,9,9.0,31.0,11.0
9,4795_9735,6,6.0,4.0,1.0
10,4795_9735,4,4.0,6.0,4.0
9,4795_9736,23,23.0,15.0,12.0
10,4795_9736,26,26.0,23.0,15.0
11,4795_9736,11,11.0,26.0,23.0
9,4795_9738,1,1.0,14.0,5.0
11,4795_9738,4,4.0,1.0,14.0
11,4795_9818,1,1.0,1.0,1.0
10,4796_9705,1,1.0,1.0,2.0
11,4796_9705,7,7.0,1.0,1.0
9,4796_9706,15,15.0,9.0,4.0
10,4796_9706,15,15.0,15.0,9.0
11,4796_9706,17,17.0,15.0,15.0
10,4796_9707,6,6.0,2.0,3.0
11,4796_9707,3,3.0,6.0,2.0
9,4796_9708,1,1.0,5.0,5.0
10,4796_9708,8,8.0,1.0,5.0
11,4796_9708,3,3.0,8.0,1.0
10,4796_9710,4,4.0,2.0,9.0
11,4796_9710,1,1.0,4.0,2.0
9,4796_9711,2,2.0,2.0,2.0
10,4796_9711,3,3.0,2.0,2.0
11,4796_9711,5,5.0,3.0,2.0
10,4796_9712,2,2.0,1.0,4.0
11,4796_9712,1,1.0,2.0,1.0
10,4796_9714,2,2.0,3.0,2.0
11,4796_9714,3,3.0,2.0,3.0
9,4796_9716,3,3.0,7.0,13.0
10,4796_9716,5,5.0,3.0,7.0
11,4796_9716,4,4.0,5.0,3.0
10,4796_9718,2,2.0,1.0,2.0
9,4796_9719,26,26.0,9.0,24.0
10,4796_9719,6,6.0,26.0,9.0
11,4796_9719,14,14.0,6.0,26.0
11,4796_9720,1,1.0,1.0,7.0
9,4796_9723,8,8.0,24.0,28.0
10,4796_9723,7,7.0,8.0,24.0
11,4796_9723,5,5.0,7.0,8.0
11,4796_9728,1,1.0,3.0,6.0
10,4796_9737,5,5.0,2.0,1.0
11,4796_9802,1,1.0,2.0,1.0
10,4796_9805,1,1.0,1.0,3.0
9,4796_9806,3,3.0,1.0,4.0
10,4796_9806,9,9.0,3.0,1.0
11,4796_9806,1,1.0,9.0,3.0
11,4796_9807,3,3.0,1.0,1.0
11,4797_9704,1,1.0,2.0,1.0
9,4797_9705,18,18.0,3.0,3.0
10,4797_9705,1,1.0,18.0,3.0
11,4797_9705,3,3.0,1.0,18.0
9,4797_9706,5,5.0,3.0,3.0
10,4797_9706,2,2.0,5.0,3.0
11,4797_9706,1,1.0,2.0,5.0
10,4797_9707,4,4.0,4.0,4.0
11,4797_9707,5,5.0,4.0,4.0
9,4797_9708,11,11.0,3.0,4.0
10,4797_9708,3,3.0,11.0,3.0
11,4797_9708,11,11.0,3.0,11.0
10,4797_9709,7,7.0,3.0,4.0
11,4797_9709,5,5.0,7.0,3.0
9,4797_9710,8,8.0,5.0,13.0
10,4797_9710,26,26.0,8.0,5.0
11,4797_9710,11,11.0,26.0,8.0
9,4797_9711,3,3.0,1.0,2.0
10,4797_9711,6,6.0,3.0,1.0
11,4797_9711,8,8.0,6.0,3.0
9,4797_9712,11,11.0,10.0,13.0
10,4797_9712,8,8.0,11.0,10.0
9,4797_9713,1,1.0,5.0,6.0
10,4797_9713,3,3.0,1.0,5.0
11,4797_9713,4,4.0,3.0,1.0
9,4797_9715,6,6.0,1.0,1.0
10,4797_9715,2,2.0,6.0,1.0
11,4797_9715,5,5.0,2.0,6.0
10,4797_9716,1,1.0,2.0,4.0
10,4797_9717,3,3.0,4.0,11.0
9,4797_9719,30,30.0,36.0,61.0
10,4797_9719,17,17.0,30.0,36.0
11,4797_9719,22,22.0,17.0,30.0
9,4797_9721,2,2.0,3.0,2.0
11,4797_9721,1,1.0,2.0,3.0
9,4797_9724,3,3.0,4.0,15.0
10,4797_9724,4,4.0,3.0,4.0
11,4797_9724,4,4.0,4.0,3.0
9,4797_9726,7,7.0,4.0,7.0
10,4797_9726,4,4.0,7.0,4.0
11,4797_9726,1,1.0,4.0,7.0
11,4797_9730,4,4.0,3.0,3.0
9,4797_9732,6,6.0,26.0,15.0
10,4797_9732,13,13.0,6.0,26.0
11,4797_9732,3,3.0,13.0,6.0
10,4797_9733,1,1.0,2.0,4.0
11,4797_9733,2,2.0,1.0,2.0
10,4797_9735,9,9.0,39.0,1.0
11,4797_9735,12,12.0,9.0,39.0
10,4797_9736,2,2.0,2.0,3.0
10,4797_9737,11,11.0,2.0,1.0
11,4797_9806,1,1.0,1.0,1.0
9,4798_9706,2,2.0,3.0,4.0
11,4798_9706,10,10.0,2.0,3.0
9,4798_9708,11,11.0,7.0,11.0
10,4798_9708,15,15.0,11.0,7.0
11,4798_9708,17,17.0,15.0,11.0
9,4798_9709,14,14.0,3.0,15.0
10,4798_9709,15,15.0,14.0,3.0
11,4798_9709,12,12.0,15.0,14.0
9,4798_9710,7,7.0,3.0,2.0
10,4798_9710,8,8.0,7.0,3.0
11,4798_9710,1,1.0,8.0,7.0
10,4798_9712,2,2.0,1.0,4.0
9,4798_9713,1,1.0,2.0,1.0
10,4798_9713,3,3.0,1.0,2.0
10,4798_9714,1,1.0,2.0,2.0
11,4798_9714,2,2.0,1.0,2.0
10,4798_9715,3,3.0,1.0,4.0
11,4798_9715,2,2.0,3.0,1.0
10,4798_9716,2,2.0,2.0,4.0
11,4798_9716,2,2.0,2.0,2.0
9,4798_9719,14,14.0,4.0,7.0
10,4798_9719,3,3.0,14.0,4.0
11,4798_9719,3,3.0,3.0,14.0
9,4798_9723,21,21.0,52.0,64.0
10,4798_9723,17,17.0,21.0,52.0
11,4798_9723,32,32.0,17.0,21.0
9,4798_9724,6,6.0,2.0,1.0
10,4798_9724,2,2.0,6.0,2.0
11,4798_9724,2,2.0,2.0,6.0
10,4798_9728,1,1.0,5.0,5.0
11,4798_9728,1,1.0,1.0,5.0
11,4798_9735,1,1.0,4.0,14.0
9,4798_9736,14,14.0,19.0,19.0
10,4798_9736,10,10.0,14.0,19.0
11,4798_9736,12,12.0,10.0,14.0
9,4798_9737,3,3.0,14.0,16.0
11,4798_9737,7,7.0,3.0,14.0
9,4798_9805,1,1.0,2.0,2.0
10,4798_9805,2,2.0,1.0,2.0
11,4798_9805,2,2.0,2.0,1.0
11,4798_9807,2,2.0,1.0,1.0
10,4798_9810,2,2.0,1.0,2.0
11,4798_9810,3,3.0,2.0,1.0
9,4799_9706,2,2.0,1.0,4.0
10,4799_9706,1,1.0,2.0,1.0
11,4799_9706,2,2.0,1.0,2.0
9,4799_9707,8,8.0,10.0,7.0
10,4799_9707,7,7.0,8.0,10.0
11,4799_9707,16,16.0,7.0,8.0
9,4799_9708,24,24.0,5.0,10.0
10,4799_9708,9,9.0,24.0,5.0
11,4799_9708,3,3.0,9.0,24.0
9,4799_9709,6,6.0,3.0,3.0
10,4799_9709,4,4.0,6.0,3.0
11,4799_9709,1,1.0,4.0,6.0
9,4799_9710,2,2.0,1.0,2.0
10,4799_9710,3,3.0,2.0,1.0
11,4799_9710,2,2.0,3.0,2.0
10,4799_9713,1,1.0,3.0,1.0
11,4799_9713,4,4.0,1.0,3.0
9,4799_9716,13,13.0,12.0,39.0
10,4799_9716,6,6.0,13.0,12.0
11,4799_9716,24,24.0,6.0,13.0
9,4799_9717,1,1.0,7.0,14.0
10,4799_9717,1,1.0,1.0,7.0
9,4799_9720,5,5.0,4.0,6.0
9,4799_9721,4,4.0,6.0,2.0
10,4799_9721,1,1.0,4.0,6.0
11,4799_9721,3,3.0,1.0,4.0
11,4799_9722,1,1.0,1.0,2.0
9,4799_9724,1,1.0,2.0,1.0
10,4799_9724,2,2.0,1.0,2.0
11,4799_9724,1,1.0,2.0,1.0
11,4799_9725,1,1.0,1.0,1.0
11,4799_9727,1,1.0,1.0,2.0
11,4799_9728,3,3.0,2.0,1.0
9,4799_9729,15,15.0,15.0,34.0
10,4799_9729,43,43.0,15.0,15.0
11,4799_9729,21,21.0,43.0,15.0
10,4799_9731,2,2.0,5.0,2.0
9,4799_9736,9,9.0,75.0,177.0
10,4799_9736,37,37.0,9.0,75.0
11,4799_9736,28,28.0,37.0,9.0
10,4799_9737,1,1.0,5.0,11.0
11,4799_9737,3,3.0,1.0,5.0
11,4799_9808,3,3.0,3.0,2.0
11,4799_9809,1,1.0,3.0,2.0
11,4799_9811,1,1.0,3.0,2.0
11,4799_9813,1,1.0,3.0,1.0
11,4799_9815,1,1.0,1.0,2.0
9,4799_9816,9,9.0,4.0,2.0
10,4799_9816,5,5.0,9.0,4.0
11,4799_9816,4,4.0,5.0,9.0
10,4799_9817,1,1.0,2.0,1.0
10,4799_9828,1,1.0,1.0,1.0
9,4800_9706,2,2.0,1.0,2.0
9,4800_9707,5,5.0,11.0,10.0
10,4800_9707,3,3.0,5.0,11.0
11,4800_9707,1,1.0,3.0,5.0
9,4800_9708,2,2.0,7.0,9.0
11,4800_9714,1,1.0,2.0,1.0
10,4800_9717,1,1.0,1.0,3.0
9,4800_9720,1,1.0,3.0,3.0
10,4800_9721,1,1.0,1.0,1.0
11,4800_9724,4,4.0,9.0,1.0
10,4800_9725,1,1.0,1.0,4.0
11,4800_9725,4,4.0,1.0,1.0
10,4800_9729,7,7.0,9.0,10.0
10,4800_9730,3,3.0,22.0,1.0
10,4800_9731,1,1.0,1.0,1.0
10,4800_9732,1,1.0,4.0,7.0
9,4800_9733,2,2.0,4.0,5.0
10,4800_9733,1,1.0,2.0,4.0
11,4800_9734,4,4.0,2.0,3.0
10,4800_9736,8,8.0,11.0,10.0
11,4800_9736,3,3.0,8.0,11.0
11,4800_9738,3,3.0,4.0,2.0
9,4800_9805,1,1.0,3.0,3.0
11,4800_9805,1,1.0,1.0,3.0
9,4800_9814,4,4.0,1.0,7.0
10,4800_9814,6,6.0,4.0,1.0
11,4800_9814,7,7.0,6.0,4.0
11,4800_9816,2,2.0,1.0,2.0
10,4800_9819,1,1.0,2.0,3.0
11,4800_9820,1,1.0,2.0,3.0
9,4801_9707,1,1.0,3.0,2.0
10,4801_9707,1,1.0,1.0,3.0
11,4801_9715,1,1.0,2.0,1.0
11,4801_9718,1,1.0,3.0,4.0
9,4801_9720,1,1.0,1.0,2.0
10,4801_9720,1,1.0,1.0,1.0
11,4801_9720,3,3.0,1.0,1.0
10,4801_9722,1,1.0,1.0,1.0
11,4801_9722,1,1.0,1.0,1.0
10,4801_9729,10,10.0,3.0,2.0
9,4801_9730,9,9.0,11.0,1.0
10,4801_9730,13,13.0,9.0,11.0
11,4801_9730,1,1.0,13.0,9.0
10,4801_9731,7,7.0,2.0,2.0
11,4801_9731,1,1.0,7.0,2.0
9,4801_9732,1,1.0,10.0,4.0
10,4801_9732,5,5.0,1.0,10.0
10,4801_9733,2,2.0,10.0,9.0
11,4801_9733,3,3.0,2.0,10.0
9,4801_9734,3,3.0,4.0,2.0
10,4801_9734,3,3.0,3.0,4.0
10,4801_9735,2,2.0,13.0,3.0
11,4801_9735,2,2.0,2.0,13.0
9,4801_9736,5,5.0,3.0,1.0
10,4801_9736,1,1.0,5.0,3.0
11,4801_9810,3,3.0,1.0,1.0
11,4801_9811,1,1.0,1.0,1.0
11,4802_9721,1,1.0,1.0,1.0
11,4802_9729,1,1.0,7.0,1.0
9,4802_9730,6,6.0,2.0,4.0
10,4802_9730,6,6.0,6.0,2.0
11,4802_9730,1,1.0,6.0,6.0
9,4802_9733,1,1.0,8.0,1.0
10,4802_9733,3,3.0,1.0,8.0
9,4802_9734,1,1.0,4.0,1.0
10,4802_9734,1,1.0,1.0,4.0
9,4802_9736,3,3.0,3.0,4.0
9,4802_9805,1,1.0,7.0,1.0
10,4802_9805,1,1.0,1.0,7.0
11,4802_9805,1,1.0,1.0,1.0
9,4802_9818,3,3.0,3.0,1.0
10,4802_9818,1,1.0,3.0,3.0
11,4802_9818,2,2.0,1.0,3.0
10,4802_9822,2,2.0,1.0,1.0
11,4802_9822,1,1.0,2.0,1.0
11,4803_9713,1,1.0,2.0,2.0
9,4803_9719,1,1.0,1.0,4.0
10,4803_9721,3,3.0,1.0,5.0
11,4803_9721,2,2.0,3.0,1.0
9,4803_9724,17,17.0,12.0,3.0
10,4803_9724,4,4.0,17.0,12.0
11,4803_9724,16,16.0,4.0,17.0
11,4803_9726,5,5.0,4.0,1.0
10,4803_9727,8,8.0,6.0,3.0
11,4803_9727,1,1.0,8.0,6.0
11,4803_9728,3,3.0,4.0,2.0
10,4803_9729,10,10.0,1.0,1.0
9,4803_9730,47,47.0,6.0,33.0
10,4803_9730,29,29.0,47.0,6.0
11,4803_9730,45,45.0,29.0,47.0
9,4803_9733,2,2.0,2.0,1.0
9,4803_9788,1,1.0,1.0,1.0
11,4803_9817,2,2.0,2.0,1.0
10,4803_9818,2,2.0,1.0,1.0
11,4803_9818,1,1.0,2.0,1.0
9,4803_9823,1,1.0,2.0,2.0
10,4803_9823,1,1.0,1.0,2.0
11,4803_9823,1,1.0,1.0,1.0
10,4803_9824,2,2.0,1.0,7.0
10,4804_9717,3,3.0,4.0,1.0
9,4804_9721,7,7.0,58.0,20.0
10,4804_9721,24,24.0,7.0,58.0
11,4804_9721,12,12.0,24.0,7.0
11,4804_9722,5,5.0,6.0,4.0
9,4804_9724,2,2.0,3.0,1.0
10,4804_9724,3,3.0,2.0,3.0
11,4804_9724,15,15.0,3.0,2.0
11,4804_9726,1,1.0,9.0,3.0
9,4804_9727,4,4.0,4.0,4.0
11,4804_9727,1,1.0,4.0,4.0
10,4804_9728,1,1.0,13.0,6.0
11,4804_9728,12,12.0,1.0,13.0
9,4804_9729,16,16.0,2.0,55.0
10,4804_9729,9,9.0,16.0,2.0
11,4804_9729,4,4.0,9.0,16.0
10,4804_9730,5,5.0,4.0,1.0
9,4804_9814,12,12.0,9.0,9.0
10,4804_9814,11,11.0,12.0,9.0
11,4804_9814,7,7.0,11.0,12.0
9,4804_9818,2,2.0,3.0,4.0
10,4804_9818,1,1.0,2.0,3.0
11,4804_9818,1,1.0,1.0,2.0
11,4804_9819,3,3.0,1.0,1.0
11,4805_9719,2,2.0,1.0,1.0
10,4805_9722,4,4.0,3.0,1.0
11,4805_9723,2,2.0,4.0,3.0
9,4805_9724,21,21.0,31.0,31.0
10,4805_9724,49,49.0,21.0,31.0
11,4805_9724,43,43.0,49.0,21.0
11,4805_9725,9,9.0,8.0,8.0
10,4805_9726,1,1.0,2.0,1.0
11,4805_9727,2,2.0,4.0,3.0
10,4805_9730,1,1.0,2.0,6.0
9,4805_9816,2,2.0,1.0,3.0
11,4805_9816,6,6.0,2.0,1.0
9,4806_9719,6,6.0,7.0,1.0
10,4806_9719,6,6.0,6.0,7.0
11,4806_9719,11,11.0,6.0,6.0
10,4806_9720,1,1.0,1.0,5.0
11,4806_9720,2,2.0,1.0,1.0
11,4806_9723,3,3.0,2.0,1.0
11,4806_9724,2,2.0,3.0,3.0
9,4806_9725,19,19.0,40.0,2.0
10,4806_9725,3,3.0,19.0,40.0
11,4806_9725,4,4.0,3.0,19.0
11,4806_9726,2,2.0,1.0,1.0
9,4806_9727,6,6.0,1.0,10.0
10,4806_9727,17,17.0,6.0,1.0
11,4806_9727,5,5.0,17.0,6.0
10,4806_9785,1,1.0,2.0,1.0
11,4806_9785,1,1.0,1.0,2.0
11,4806_9799,2,2.0,1.0,1.0
10,4806_9808,3,3.0,1.0,1.0
11,4806_9808,3,3.0,3.0,1.0
11,4806_9810,2,2.0,3.0,1.0
9,4806_9814,10,10.0,2.0,6.0
10,4806_9814,8,8.0,10.0,2.0
11,4806_9814,6,6.0,8.0,10.0
9,4807_9715,10,10.0,16.0,5.0
10,4807_9715,5,5.0,10.0,16.0
10,4807_9720,1,1.0,2.0,1.0
11,4807_9720,1,1.0,1.0,2.0
9,4807_9721,22,22.0,4.0,1.0
10,4807_9721,15,15.0,22.0,4.0
11,4807_9721,11,11.0,15.0,22.0
9,4807_9722,31,31.0,60.0,47.0
10,4807_9722,55,55.0,31.0,60.0
11,4807_9722,57,57.0,55.0,31.0
9,4807_9723,5,5.0,10.0,18.0
10,4807_9723,3,3.0,5.0,10.0
11,4807_9725,4,4.0,4.0,2.0
10,4807_9727,4,4.0,3.0,1.0
11,4807_9727,3,3.0,4.0,3.0
9,4807_9731,2,2.0,2.0,30.0
10,4807_9733,2,2.0,5.0,3.0
11,4807_9733,3,3.0,2.0,5.0
9,4807_9801,1,1.0,1.0,2.0
11,4807_9801,2,2.0,1.0,1.0
9,4807_9802,1,1.0,2.0,2.0
11,4807_9803,1,1.0,1.0,1.0
11,4807_9807,3,3.0,2.0,1.0
10,4807_9808,2,2.0,2.0,1.0
11,4807_9808,1,1.0,2.0,2.0
10,4807_9810,3,3.0,2.0,1.0
11,4807_9810,1,1.0,3.0,2.0
10,4807_9815,3,3.0,3.0,2.0
11,4807_9815,2,2.0,3.0,3.0
9,4808_9717,3,3.0,1.0,2.0
10,4808_9717,3,3.0,3.0,1.0
11,4808_9717,1,1.0,3.0,3.0
11,4808_9719,1,1.0,1.0,2.0
9,4808_9724,6,6.0,4.0,1.0
10,4808_9724,16,16.0,6.0,4.0
11,4808_9724,8,8.0,16.0,6.0
9,4808_9728,8,8.0,8.0,1.0
10,4808_9728,1,1.0,8.0,8.0
11,4808_9729,4,4.0,3.0,3.0
9,4808_9785,1,1.0,2.0,1.0
10,4808_9785,3,3.0,1.0,2.0
9,4808_9786,1,1.0,1.0,3.0
10,4808_9786,1,1.0,1.0,1.0
11,4808_9786,2,2.0,1.0,1.0
9,4808_9798,3,3.0,3.0,1.0
10,4808_9798,2,2.0,3.0,3.0
11,4808_9798,1,1.0,2.0,3.0
9,4808_9802,4,4.0,1.0,3.0
11,4808_9802,1,1.0,4.0,1.0
9,4808_9813,2,2.0,3.0,2.0
10,4808_9813,1,1.0,2.0,3.0
10,4809_9723,2,2.0,1.0,4.0
11,4809_9723,3,3.0,2.0,1.0
10,4809_9807,1,1.0,1.0,1.0
11,4809_9813,1,1.0,2.0,1.0
10,4810_9721,1,1.0,2.0,1.0
11,4810_9721,1,1.0,1.0,2.0
10,4810_9800,1,1.0,2.0,1.0
9,4810_9812,1,1.0,1.0,1.0
10,4810_9812,3,3.0,1.0,1.0
11,4810_9812,1,1.0,3.0,1.0
9,4810_9819,1,1.0,1.0,3.0
10,4810_9819,4,4.0,1.0,1.0
11,4811_9718,1,1.0,2.0,1.0
9,4811_9725,1,1.0,1.0,1.0
11,4811_9797,1,1.0,1.0,1.0
9,4811_9799,7,7.0,1.0,4.0
10,4811_9799,5,5.0,7.0,1.0
11,4811_9799,5,5.0,5.0,7.0
10,4811_9802,1,1.0,2.0,1.0
11,4811_9808,3,3.0,1.0,3.0
9,4811_9809,5,5.0,4.0,5.0
11,4811_9809,5,5.0,5.0,4.0
10,4811_9810,2,2.0,4.0,1.0
9,4811_9811,4,4.0,4.0,3.0
11,4811_9811,1,1.0,4.0,4.0
9,4812_9729,2,2.0,1.0,1.0
10,4812_9729,1,1.0,2.0,1.0
11,4812_9729,1,1.0,1.0,2.0
10,4812_9732,1,1.0,2.0,1.0
9,4812_9788,2,2.0,2.0,2.0
11,4812_9788,1,1.0,2.0,2.0
11,4812_9803,3,3.0,2.0,3.0
9,4812_9806,6,6.0,7.0,9.0
10,4812_9806,6,6.0,6.0,7.0
11,4812_9806,6,6.0,6.0,6.0
11,4812_9810,2,2.0,1.0,1.0
10,4812_9812,1,1.0,2.0,2.0
10,4813_9731,1,1.0,6.0,1.0
11,4813_9731,1,1.0,1.0,6.0
11,4813_9788,1,1.0,1.0,1.0
10,4813_9793,1,1.0,1.0,1.0
9,4813_9805,2,2.0,10.0,2.0
10,4813_9805,1,1.0,2.0,10.0
11,4813_9805,5,5.0,1.0,2.0
11,4813_9806,1,1.0,1.0,1.0
9,4813_9807,4,4.0,5.0,8.0
10,4813_9807,5,5.0,4.0,5.0
11,4813_9807,6,6.0,5.0,4.0
10,4813_9810,1,1.0,1.0,2.0
10,4813_9811,2,2.0,1.0,3.0
11,4813_9811,1,1.0,2.0,1.0
10,4814_9726,3,3.0,1.0,1.0
10,4814_9727,2,2.0,2.0,1.0
9,4814_9728,10,10.0,9.0,11.0
10,4814_9728,4,4.0,10.0,9.0
11,4814_9728,1,1.0,4.0,10.0
9,4814_9729,1,1.0,2.0,1.0
11,4814_9729,3,3.0,1.0,2.0
9,4814_9805,12,12.0,9.0,14.0
10,4814_9805,12,12.0,12.0,9.0
11,4814_9805,11,11.0,12.0,12.0
9,4814_9806,7,7.0,1.0,3.0
10,4814_9806,2,2.0,7.0,1.0
11,4814_9806,6,6.0,2.0,7.0
9,4815_9726,3,3.0,5.0,3.0
10,4815_9726,9,9.0,3.0,5.0
11,4815_9726,1,1.0,9.0,3.0
11,4815_9729,2,2.0,1.0,1.0
9,4815_9804,5,5.0,4.0,1.0
10,4815_9804,2,2.0,5.0,4.0
11,4815_9804,2,2.0,2.0,5.0
11,4815_9805,3,3.0,1.0,1.0
11,4816_9727,2,2.0,2.0,3.0
10,4817_9718,1,1.0,1.0,1.0
11,4817_9791,1,1.0,1.0,1.0
10,4817_9802,1,1.0,1.0,4.0
11,4817_9802,1,1.0,1.0,1.0
11,4818_9726,4,4.0,3.0,1.0
10,4819_9724,2,2.0,1.0,2.0
11,4819_9727,1,1.0,1.0,3.0
11,4819_9795,7,7.0,1.0,1.0
10,4820_9730,4,4.0,1.0,3.0
10,4821_9729,6,6.0,2.0,4.0
11,4821_9729,4,4.0,6.0,2.0
9,4822_9715,1,1.0,1.0,2.0
9,4822_9724,1,1.0,2.0,2.0
9,4824_9716,1,1.0,3.0,11.0
9,4824_9724,3,3.0,1.0,3.0
10,4824_9724,3,3.0,3.0,1.0
11,4824_9724,2,2.0,3.0,3.0
10,4825_9728,2,2.0,1.0,5.0
11,4825_9728,3,3.0,2.0,1.0
9,4825_9729,1,1.0,5.0,1.0
11,4825_9729,6,6.0,1.0,5.0
11,4826_9723,1,1.0,2.0,2.0
10,4826_9728,3,3.0,3.0,2.0
11,4826_9728,1,1.0,3.0,3.0
9,4826_9729,1,1.0,6.0,4.0
10,4826_9729,3,3.0,1.0,6.0
11,4826_9729,3,3.0,3.0,1.0
9,4826_9730,1,1.0,3.0,1.0
11,4826_9798,3,3.0,7.0,4.0
11,4827_9723,1,1.0,2.0,1.0
10,4827_9726,1,1.0,1.0,4.0
11,4827_9726,2,2.0,1.0,1.0
9,4827_9728,3,3.0,1.0,3.0
11,4827_9728,2,2.0,3.0,1.0
9,4827_9729,6,6.0,2.0,1.0
10,4827_9729,2,2.0,6.0,2.0
11,4827_9729,1,1.0,2.0,6.0
11,4828_9719,1,1.0,4.0,1.0
10,4828_9723,1,1.0,1.0,1.0
11,4828_9731,1,1.0,1.0,1.0
9,4828_9800,1,1.0,3.0,2.0
10,4828_9800,1,1.0,1.0,3.0
11,4828_9800,1,1.0,1.0,1.0
11,4829_9713,2,2.0,6.0,2.0
9,4829_9722,1,1.0,1.0,2.0
10,4829_9722,1,1.0,1.0,1.0
11,4829_9722,1,1.0,1.0,1.0
10,4829_9723,1,1.0,1.0,2.0
9,4829_9725,6,6.0,5.0,13.0
10,4829_9725,8,8.0,6.0,5.0
11,4829_9725,5,5.0,8.0,6.0
10,4829_9732,3,3.0,2.0,2.0
10,4829_9741,1,1.0,8.0,1.0
11,4829_9741,1,1.0,1.0,8.0
9,4830_9712,9,9.0,11.0,17.0
10,4830_9712,4,4.0,9.0,11.0
11,4830_9712,14,14.0,4.0,9.0
9,4830_9722,2,2.0,6.0,2.0
9,4830_9723,4,4.0,4.0,3.0
11,4830_9723,2,2.0,4.0,4.0
9,4830_9724,2,2.0,1.0,6.0
11,4830_9738,4,4.0,4.0,2.0
10,4830_9739,2,2.0,2.0,1.0
11,4830_9739,2,2.0,2.0,2.0
11,4830_9740,3,3.0,2.0,6.0
11,4830_9741,2,2.0,1.0,1.0
10,4831_9709,2,2.0,1.0,1.0
11,4831_9711,1,1.0,1.0,1.0
9,4831_9719,1,1.0,1.0,2.0
11,4831_9719,5,5.0,1.0,1.0
9,4831_9720,2,2.0,4.0,4.0
10,4831_9720,5,5.0,2.0,4.0
11,4831_9720,10,10.0,5.0,2.0
10,4831_9721,1,1.0,2.0,2.0
11,4831_9721,4,4.0,1.0,2.0
11,4831_9722,3,3.0,1.0,2.0
9,4831_9725,2,2.0,2.0,1.0
9,4831_9727,1,1.0,3.0,5.0
10,4831_9727,3,3.0,1.0,3.0
11,4831_9727,2,2.0,3.0,1.0
9,4831_9728,2,2.0,2.0,6.0
10,4831_9728,5,5.0,2.0,2.0
11,4831_9728,1,1.0,5.0,2.0
10,4831_9729,1,1.0,3.0,1.0
9,4831_9731,3,3.0,1.0,1.0
11,4831_9731,2,2.0,3.0,1.0
11,4831_9742,1,1.0,3.0,1.0
10,4832_9711,1,1.0,3.0,3.0
11,4832_9711,1,1.0,1.0,3.0
9,4832_9712,1,1.0,4.0,2.0
10,4832_9712,3,3.0,1.0,4.0
11,4832_9712,4,4.0,3.0,1.0
11,4832_9717,1,1.0,1.0,1.0
9,4832_9719,2,2.0,6.0,6.0
10,4832_9719,6,6.0,2.0,6.0
11,4832_9719,8,8.0,6.0,2.0
9,4832_9720,3,3.0,7.0,8.0
10,4832_9720,1,1.0,3.0,7.0
11,4832_9720,14,14.0,1.0,3.0
9,4832_9721,1,1.0,1.0,5.0
10,4832_9721,5,5.0,1.0,1.0
11,4832_9721,6,6.0,5.0,1.0
10,4832_9724,1,1.0,1.0,4.0
11,4832_9724,1,1.0,1.0,1.0
9,4832_9726,1,1.0,3.0,5.0
10,4832_9727,1,1.0,3.0,4.0
11,4832_9728,3,3.0,4.0,6.0
10,4832_9729,1,1.0,4.0,2.0
10,4832_9730,2,2.0,1.0,2.0
11,4832_9730,1,1.0,2.0,1.0
9,4832_9738,2,2.0,1.0,3.0
11,4832_9738,2,2.0,2.0,1.0
11,4832_9739,1,1.0,2.0,4.0
11,4832_9744,1,1.0,1.0,3.0
11,4833_9712,1,1.0,1.0,2.0
9,4833_9713,2,2.0,1.0,1.0
11,4833_9713,2,2.0,2.0,1.0
9,4833_9714,3,3.0,2.0,5.0
10,4833_9714,3,3.0,3.0,2.0
11,4833_9714,5,5.0,3.0,3.0
10,4833_9717,2,2.0,1.0,1.0
9,4833_9718,2,2.0,6.0,3.0
10,4833_9718,2,2.0,2.0,6.0
10,4833_9721,1,1.0,1.0,2.0
11,4833_9723,5,5.0,1.0,3.0
10,4833_9724,1,1.0,1.0,3.0
11,4833_9724,1,1.0,1.0,1.0
9,4833_9727,4,4.0,3.0,1.0
11,4833_9729,1,1.0,3.0,6.0
11,4833_9738,3,3.0,3.0,1.0
11,4833_9739,1,1.0,2.0,4.0
10,4833_9740,2,2.0,1.0,1.0
11,4833_9740,1,1.0,2.0,1.0
9,4834_9716,3,3.0,1.0,7.0
10,4834_9716,2,2.0,3.0,1.0
9,4834_9717,2,2.0,3.0,5.0
10,4834_9717,4,4.0,2.0,3.0
11,4834_9717,5,5.0,4.0,2.0
10,4834_9719,3,3.0,1.0,3.0
11,4834_9719,1,1.0,3.0,1.0
11,4834_9721,1,1.0,2.0,1.0
11,4834_9722,2,2.0,1.0,1.0
10,4834_9728,1,1.0,2.0,3.0
10,4834_9729,1,1.0,4.0,6.0
11,4834_9729,1,1.0,1.0,4.0
10,4834_9731,3,3.0,2.0,1.0
11,4834_9731,3,3.0,3.0,2.0
10,4834_9736,2,2.0,8.0,1.0
11,4834_9736,2,2.0,2.0,8.0
9,4834_9737,1,1.0,1.0,2.0
11,4834_9737,1,1.0,1.0,1.0
9,4834_9739,8,8.0,8.0,4.0
10,4834_9739,2,2.0,8.0,8.0
11,4834_9739,1,1.0,2.0,8.0
11,4834_9740,1,1.0,2.0,1.0
9,4835_9713,5,5.0,5.0,10.0
10,4835_9713,1,1.0,5.0,5.0
11,4835_9713,2,2.0,1.0,5.0
9,4835_9714,5,5.0,4.0,8.0
10,4835_9714,3,3.0,5.0,4.0
11,4835_9716,3,3.0,1.0,3.0
11,4835_9721,1,1.0,1.0,1.0
10,4835_9728,1,1.0,2.0,2.0
11,4835_9728,1,1.0,1.0,2.0
10,4835_9736,3,3.0,1.0,3.0
11,4835_9736,5,5.0,3.0,1.0
11,4835_9737,1,1.0,1.0,3.0
10,4835_9738,1,1.0,6.0,2.0
9,4835_9743,2,2.0,1.0,1.0
10,4835_9743,1,1.0,2.0,1.0
9,4836_9714,1,1.0,1.0,1.0
11,4836_9715,1,1.0,1.0,2.0
10,4836_9725,9,9.0,3.0,6.0
11,4836_9725,4,4.0,9.0,3.0
10,4836_9726,1,1.0,1.0,1.0
11,4836_9726,1,1.0,1.0,1.0
9,4836_9727,2,2.0,6.0,2.0
10,4836_9727,4,4.0,2.0,6.0
11,4836_9727,5,5.0,4.0,2.0
11,4836_9729,3,3.0,2.0,3.0
9,4836_9735,4,4.0,1.0,1.0
10,4836_9735,4,4.0,4.0,1.0
11,4836_9735,5,5.0,4.0,4.0
10,4836_9736,1,1.0,3.0,7.0
11,4836_9736,7,7.0,1.0,3.0
10,4836_9737,3,3.0,3.0,2.0
11,4836_9737,5,5.0,3.0,3.0
10,4836_9738,2,2.0,3.0,4.0
11,4836_9738,2,2.0,2.0,3.0
9,4836_9739,3,3.0,3.0,3.0
10,4836_9739,7,7.0,3.0,3.0
11,4836_9739,12,12.0,7.0,3.0
9,4837_9710,3,3.0,2.0,6.0
10,4837_9710,2,2.0,3.0,2.0
11,4837_9710,3,3.0,2.0,3.0
10,4837_9714,3,3.0,2.0,6.0
9,4837_9715,2,2.0,3.0,6.0
11,4837_9715,1,1.0,2.0,3.0
9,4837_9724,1,1.0,3.0,1.0
10,4837_9724,1,1.0,1.0,3.0
10,4837_9727,3,3.0,6.0,2.0
10,4837_9732,6,6.0,4.0,2.0
11,4837_9732,1,1.0,6.0,4.0
10,4837_9735,9,9.0,7.0,11.0
11,4837_9735,8,8.0,9.0,7.0
11,4837_9738,2,2.0,1.0,1.0
10,4837_9739,1,1.0,1.0,1.0
11,4838_9715,1,1.0,1.0,2.0
9,4838_9718,2,2.0,1.0,1.0
11,4838_9718,1,1.0,2.0,1.0
9,4838_9724,1,1.0,6.0,4.0
10,4838_9725,2,2.0,3.0,2.0
10,4838_9726,5,5.0,2.0,4.0
9,4838_9727,1,1.0,3.0,3.0
10,4838_9727,2,2.0,1.0,3.0
9,4838_9735,4,4.0,8.0,2.0
10,4838_9735,5,5.0,4.0,8.0
11,4838_9735,12,12.0,5.0,4.0
9,4839_9718,1,1.0,1.0,2.0
10,4839_9718,1,1.0,1.0,1.0
10,4839_9722,3,3.0,2.0,2.0
11,4839_9724,1,1.0,2.0,1.0
10,4839_9726,1,1.0,2.0,3.0
11,4839_9726,2,2.0,1.0,2.0
11,4839_9733,2,2.0,4.0,2.0
9,4839_9738,3,3.0,3.0,2.0
10,4839_9738,5,5.0,3.0,3.0
11,4839_9738,6,6.0,5.0,3.0
11,4839_9743,2,2.0,3.0,2.0
11,4840_9714,1,1.0,1.0,1.0
9,4840_9723,1,1.0,1.0,3.0
11,4840_9738,1,1.0,4.0,1.0
11,4840_9741,5,5.0,1.0,1.0
11,4840_9743,1,1.0,1.0,3.0
10,4840_9744,1,1.0,1.0,3.0
11,4840_9744,1,1.0,1.0,1.0
9,4840_9745,2,2.0,2.0,1.0
10,4840_9745,1,1.0,2.0,2.0
9,4840_9754,2,2.0,1.0,13.0
10,4840_9754,2,2.0,2.0,1.0
11,4840_9754,1,1.0,2.0,2.0
9,4841_9709,1,1.0,3.0,2.0
10,4841_9709,6,6.0,1.0,3.0
10,4841_9710,2,2.0,2.0,3.0
11,4841_9710,1,1.0,2.0,2.0
9,4841_9712,2,2.0,7.0,7.0
10,4841_9712,3,3.0,2.0,7.0
11,4841_9712,4,4.0,3.0,2.0
10,4841_9714,1,1.0,5.0,1.0
11,4841_9714,3,3.0,1.0,5.0
9,4841_9715,2,2.0,11.0,3.0
10,4841_9715,2,2.0,2.0,11.0
10,4841_9720,1,1.0,1.0,2.0
10,4841_9721,1,1.0,1.0,1.0
10,4841_9738,2,2.0,1.0,1.0
11,4841_9738,1,1.0,2.0,1.0
11,4841_9744,1,1.0,1.0,1.0
9,4841_9745,2,2.0,6.0,1.0
10,4841_9745,1,1.0,2.0,6.0
11,4841_9745,6,6.0,1.0,2.0
9,4841_9750,3,3.0,1.0,2.0
10,4841_9750,1,1.0,3.0,1.0
10,4841_9751,2,2.0,1.0,3.0
9,4841_9752,2,2.0,2.0,1.0
9,4842_9708,1,1.0,2.0,2.0
9,4842_9709,4,4.0,11.0,6.0
10,4842_9709,4,4.0,4.0,11.0
11,4842_9709,1,1.0,4.0,4.0
9,4842_9711,2,2.0,4.0,1.0
10,4842_9711,4,4.0,2.0,4.0
11,4842_9716,1,1.0,4.0,2.0
9,4842_9717,1,1.0,2.0,5.0
11,4842_9717,2,2.0,1.0,2.0
11,4842_9720,4,4.0,1.0,3.0
10,4842_9722,1,1.0,1.0,2.0
11,4842_9751,1,1.0,3.0,2.0
9,4843_9716,3,3.0,7.0,13.0
10,4843_9716,1,1.0,3.0,7.0
11,4843_9716,3,3.0,1.0,3.0
9,4843_9717,15,15.0,22.0,30.0
10,4843_9717,3,3.0,15.0,22.0
11,4843_9717,4,4.0,3.0,15.0
10,4843_9718,1,1.0,1.0,3.0
11,4843_9719,1,1.0,13.0,2.0
11,4843_9721,1,1.0,1.0,1.0
10,4843_9738,1,1.0,3.0,1.0
11,4843_9738,3,3.0,1.0,3.0
11,4843_9739,1,1.0,1.0,1.0
10,4843_9740,1,1.0,1.0,2.0
9,4843_9744,4,4.0,2.0,1.0
9,4844_9714,2,2.0,1.0,3.0
10,4844_9715,3,3.0,2.0,2.0
11,4844_9738,1,1.0,6.0,1.0
11,4844_9741,1,1.0,1.0,1.0
10,4844_9745,1,1.0,5.0,1.0
10,4845_9718,1,1.0,1.0,4.0
11,4845_9718,1,1.0,1.0,1.0
11,4845_9719,5,5.0,1.0,1.0
11,4845_9720,2,2.0,1.0,1.0
10,4846_9715,1,1.0,1.0,2.0
11,4846_9718,1,1.0,1.0,1.0
10,4846_9719,4,4.0,1.0,2.0
11,4846_9719,2,2.0,4.0,1.0
9,4846_9720,3,3.0,10.0,8.0
10,4846_9720,6,6.0,3.0,10.0
11,4846_9720,7,7.0,6.0,3.0
10,4846_9723,1,1.0,4.0,5.0
10,4847_9720,1,1.0,2.0,2.0
9,4847_9756,2,2.0,2.0,3.0
10,4847_9756,1,1.0,2.0,2.0
11,4847_9756,1,1.0,1.0,2.0
9,4847_9757,1,1.0,1.0,1.0
11,4847_9757,1,1.0,1.0,1.0
9,4848_9718,1,1.0,8.0,6.0
11,4848_9718,2,2.0,1.0,8.0
9,4848_9720,2,2.0,1.0,4.0
10,4848_9720,4,4.0,2.0,1.0
11,4848_9720,4,4.0,4.0,2.0
10,4848_9721,1,1.0,1.0,1.0
11,4848_9721,1,1.0,1.0,1.0
11,4848_9751,1,1.0,4.0,1.0
10,4849_9758,1,1.0,1.0,1.0
10,4850_9758,3,3.0,2.0,2.0
11,4850_9758,2,2.0,3.0,2.0
9,4850_9759,6,6.0,3.0,4.0
10,4850_9759,1,1.0,6.0,3.0
11,4851_9754,5,5.0,1.0,1.0
11,4852_9759,2,2.0,4.0,5.0
10,4853_9756,1,1.0,1.0,1.0
9,4853_9757,1,1.0,1.0,1.0
11,4854_9750,2,2.0,1.0,3.0
9,4854_9751,7,7.0,3.0,4.0
9,4854_9755,1,1.0,1.0,6.0
9,4854_9756,1,1.0,1.0,1.0
9,4854_9757,2,2.0,1.0,1.0
11,4854_9763,1,1.0,2.0,1.0
9,4855_9758,6,6.0,3.0,1.0
10,4855_9758,6,6.0,6.0,3.0
11,4855_9758,4,4.0,6.0,6.0
9,4855_9759,3,3.0,3.0,2.0
10,4855_9759,7,7.0,3.0,3.0
11,4855_9759,3,3.0,7.0,3.0
10,4858_9755,1,1.0,1.0,2.0
11,4858_9755,1,1.0,1.0,1.0
