grid_id,count
4694_9763,2.2581635383554213
4694_9764,2.232899896186731
4695_9763,1.9796582834982406
4695_9765,5.329077634321149
4695_9767,1.9796582834982406
4696_9761,2.7918656505624555
4696_9765,2.2581635383554213
4696_9768,2.5057075728794937
4697_9765,2.5252924241680117
4698_9753,2.327903208778439
4698_9764,1.8663066589305937
4699_9764,1.8663066589305937
4700_9751,2.7167217019086576
4701_9743,1.9796582834982406
4701_9744,6.5836122647753985
4701_9746,3.506353280314167
4701_9750,2.2581635383554213
4701_9751,1.8663066589305937
4701_9755,2.7922840353527145
4702_9751,3.523599707705628
4702_9753,2.436643588332857
4703_9743,2.9673993736595397
4703_9746,1.8663066589305937
4703_9752,2.7167217019086576
4703_9753,2.315437092669366
4703_9760,2.7447660418459776
4704_9743,2.9673993736595397
4704_9752,1.8663066589305937
4704_9753,3.2872107255498135
4704_9757,1.9848094618218644
4704_9762,4.924046016747579
4705_9750,3.817447911205031
4705_9751,2.897665443192804
4706_9750,2.794069065927852
4706_9751,1.9326000405801687
4706_9752,2.11689913424855
4706_9753,3.30052157668432
4706_9754,1.8663066589305937
4706_9757,2.572101313632091
4706_9758,2.957523288630844
4706_9759,3.458090308505955
4707_9719,1.8663066589305937
4707_9744,2.327903208778439
4707_9745,2.2581635383554213
4707_9746,1.8663066589305937
4707_9752,1.8663066589305937
4707_9753,2.2581635383554213
4707_9754,2.315437092669366
4707_9758,3.222433832719142
4707_9760,1.9796582834982406
4707_9763,4.519076530651616
4707_9764,2.2581635383554213
4708_9741,2.331270483591726
4708_9746,1.8663066589305937
4708_9748,4.799627768710309
4708_9749,2.7922840353527145
4708_9750,2.902308264516285
4708_9753,1.9796582834982406
4708_9756,2.2581635383554213
4708_9757,5.434268202575975
4708_9759,2.934150484261573
4708_9760,2.5252924241680117
4708_9761,1.8663066589305937
4708_9762,2.194414495100317
4709_9741,1.8663066589305937
4709_9745,2.7167217019086576
4709_9746,3.27621115327046
4709_9750,2.3928238718866903
4709_9752,4.155508004976438
4709_9753,2.917225943127945
4709_9754,2.0463780681030777
4709_9755,2.3928238718866903
4709_9756,2.570690290552586
4709_9757,2.3472737930702685
4709_9758,3.078765103087633
4709_9759,2.2581635383554213
4709_9761,4.126868904305136
4710_9746,1.8663066589305937
4710_9747,1.9848094618218644
4710_9749,3.8415774509026854
4710_9750,2.315437092669366
4710_9751,3.1323152860320014
4710_9756,4.2108535200743225
4710_9757,3.9581174286645195
4710_9759,4.060245212399404
4710_9760,2.615414040323147
4710_9762,3.6306291328360656
4711_9740,3.3829101412783666
4711_9746,2.79199145974933
4711_9747,1.9848094618218644
4711_9748,2.3928238718866903
4711_9752,2.11689913424855
4711_9753,4.6868909875464055
4711_9755,2.917225943127945
4711_9756,11.546535326026905
4711_9758,4.6868909875464055
4712_9736,1.8663066589305937
4712_9738,1.9796582834982406
4712_9744,3.0078232325265577
4712_9745,2.315437092669366
4712_9746,3.5787629881238825
4712_9747,1.8663066589305937
4712_9749,1.8663066589305937
4712_9750,1.9796582834982406
4712_9751,1.8663066589305937
4712_9753,2.2565833976911844
4712_9755,2.470700001147604
4712_9756,6.287176573476025
4712_9757,2.3928238718866903
4712_9760,3.0742639787199786
4712_9761,7.205446008832429
4712_9762,7.1609179088278765
4713_9740,2.11689913424855
4713_9741,1.9848094618218644
4713_9742,2.4843546824139335
4713_9744,3.369222102539856
4713_9745,7.55811536722558
4713_9746,2.436643588332857
4713_9750,2.897665443192804
4713_9751,2.7602311555511396
4713_9752,3.0078232325265577
4713_9753,5.158218738211792
4713_9754,3.225080086217289
4713_9755,5.769664382640426
4713_9757,2.8599556873707335
4713_9758,2.0463780681030777
4713_9761,5.550331128345444
4714_9744,2.917225943127945
4714_9750,1.8663066589305937
4714_9752,3.2226458833309146
4714_9755,2.957523288630844
4714_9756,3.5010192770825825
4714_9759,2.893844819767772
4714_9760,4.459684909450927
4715_9743,3.4793450107948685
4715_9754,2.3928238718866903
4715_9755,6.102681580906447
4715_9756,2.3928238718866903
4716_9754,2.6229962050493194
4716_9755,3.500640284556204
4716_9756,4.444590183715336
4716_9757,1.9796582834982406
4716_9758,2.245376654944186
4717_9733,2.315437092669366
4717_9734,1.8663066589305937
4717_9751,1.9326000405801687
4717_9754,3.0742639787199786
4717_9755,3.5853649788899102
4717_9756,2.232899896186731
4717_9757,3.2472802334511806
4717_9758,1.9796582834982406
4718_9725,1.8663066589305937
4718_9734,1.8663066589305937
4718_9741,1.8663066589305937
4718_9743,2.2581635383554213
4718_9744,5.1610261476568935
4718_9746,2.5057075728794937
4718_9747,2.0463780681030777
4718_9751,3.147282748945491
4718_9753,4.291647059490181
4718_9754,5.289829140217094
4718_9755,4.359867163573336
4718_9757,8.429238518692436
4719_9740,1.8663066589305937
4719_9744,1.9848094618218644
4719_9745,20.3863757677038
4719_9746,2.2565833976911844
4719_9747,2.7447660418459776
4719_9752,2.327903208778439
4719_9753,1.9796582834982406
4719_9754,2.2565833976911844
4719_9755,2.11689913424855
4719_9756,3.3277758463350837
4720_9733,2.5057075728794937
4720_9737,1.8663066589305937
4720_9753,1.8663066589305937
4720_9754,1.9848094618218644
4720_9755,3.960722005958989
4721_9729,2.893844819767772
4721_9732,6.8102321892189215
4721_9736,3.1323152860320014
4721_9737,4.3627461227823385
4721_9738,2.794069065927852
4721_9739,2.194414495100317
4721_9742,7.05518273908942
4721_9743,2.2565833976911844
4721_9754,2.0463780681030777
4722_9733,6.109576404794214
4722_9734,2.957523288630844
4722_9735,1.9848094618218644
4722_9737,1.9796582834982406
4722_9738,1.8663066589305937
4722_9739,1.9848094618218644
4722_9741,5.550331128345444
4723_9720,1.8663066589305937
4723_9725,2.8599556873707335
4723_9731,6.818257558281414
4723_9733,1.9796582834982406
4723_9737,3.0071789421694404
4723_9738,2.7922840353527145
4723_9739,3.9581174286645195
4723_9740,2.3928238718866903
4723_9741,3.0043226303491393
4723_9742,5.411837550785381
4723_9743,2.2565833976911844
4723_9749,2.331270483591726
4724_9722,2.327903208778439
4724_9736,2.570690290552586
4724_9739,3.949233420306065
4724_9740,2.5472853073835027
4724_9741,2.4843546824139335
4724_9742,3.1904058678383533
4724_9745,3.929368060497034
4724_9751,2.7167217019086576
4725_9710,1.8663066589305937
4725_9711,1.9796582834982406
4725_9713,2.3472737930702685
4725_9715,1.8663066589305937
4725_9727,1.9796582834982406
4725_9738,2.917225943127945
4725_9739,1.9326000405801687
4725_9743,2.2581635383554213
4725_9744,3.0481259730733266
4725_9745,2.9673993736595397
4726_9708,2.7602311555511396
4726_9718,1.9326000405801687
4726_9736,2.2581635383554213
4726_9744,4.237010183507573
4726_9745,4.584336169097375
4726_9766,1.8663066589305937
4726_9767,3.3625995153627795
4727_9708,5.760649781367402
4727_9710,2.7922840353527145
4727_9713,3.375879537552701
4727_9715,3.750897734245129
4727_9721,2.2581635383554213
4727_9722,6.516241016900708
4727_9723,1.9796582834982406
4727_9724,1.8663066589305937
4727_9729,1.9326000405801687
4727_9730,2.2581635383554213
4727_9731,1.9796582834982406
4727_9732,2.957523288630844
4727_9733,2.3247834724371916
4727_9734,2.9542117993640904
4727_9736,5.2722032142380195
4727_9737,1.9326000405801687
4727_9746,2.315437092669366
4727_9766,3.358297377821808
4727_9767,2.4843546824139335
4727_9768,2.436643588332857
4728_9707,1.8663066589305937
4728_9711,2.583393127100365
4728_9717,3.376437454293106
4728_9722,1.8663066589305937
4728_9725,1.9796582834982406
4728_9728,1.9848094618218644
4728_9729,3.078765103087633
4728_9731,1.9796582834982406
4728_9732,1.8663066589305937
4728_9734,2.3928238718866903
4728_9735,1.8663066589305937
4728_9736,2.436643588332857
4728_9737,1.8663066589305937
4728_9767,5.198178401829773
4728_9768,2.2581635383554213
4728_9769,3.3043523691563204
4729_9704,2.245376654944186
4729_9710,2.11689913424855
4729_9711,1.8663066589305937
4729_9715,3.190751555094252
4729_9716,4.216029568828597
4729_9720,4.115356342804182
4729_9721,2.0463780681030777
4729_9723,1.9796582834982406
4729_9732,2.7726740865628328
4729_9733,2.9675024708680087
4729_9734,2.2581635383554213
4729_9735,1.9796582834982406
4729_9736,2.2581635383554213
4729_9737,1.8663066589305937
4729_9738,1.8663066589305937
4729_9748,2.331270483591726
4730_9704,2.7922840353527145
4730_9705,5.9742762122415884
4730_9708,1.9326000405801687
4730_9709,1.8663066589305937
4730_9710,3.7919697033434008
4730_9714,4.417177614522182
4730_9715,3.5010192770825825
4730_9716,2.2581635383554213
4730_9720,2.232899896186731
4730_9721,2.0463780681030777
4730_9722,2.245376654944186
4730_9723,2.3928238718866903
4730_9730,1.9796582834982406
4730_9731,1.9848094618218644
4730_9735,2.331270483591726
4730_9736,2.2581635383554213
4730_9737,1.8663066589305937
4730_9764,2.2581635383554213
4730_9765,2.8599556873707335
4730_9768,4.012366641903186
4731_9702,1.8663066589305937
4731_9703,2.2581635383554213
4731_9704,1.8663066589305937
4731_9707,2.0463780681030777
4731_9709,2.3928238718866903
4731_9710,2.3928238718866903
4731_9711,2.5472853073835027
4731_9713,3.2591082078417144
4731_9714,8.40360265187953
4731_9715,2.327903208778439
4731_9717,1.8663066589305937
4731_9718,2.2581635383554213
4731_9729,1.8663066589305937
4731_9730,2.5057075728794937
4731_9731,1.9796582834982406
4731_9735,1.9326000405801687
4731_9736,3.490030309836523
4731_9738,2.470700001147604
4731_9739,1.8663066589305937
4731_9743,5.255973735181553
4731_9744,3.339044534554183
4731_9745,1.9326000405801687
4731_9765,2.327903208778439
4731_9766,3.2472802334511806
4731_9767,2.3928238718866903
4731_9768,2.7918656505624555
4731_9771,1.9796582834982406
4732_9700,1.8663066589305937
4732_9705,2.315437092669366
4732_9706,3.42282051466447
4732_9707,2.3247834724371916
4732_9708,4.425220063624299
4732_9710,2.11689913424855
4732_9712,2.941793242781013
4732_9713,3.499904775856773
4732_9714,4.547260166925068
4732_9715,2.195467219605357
4732_9722,2.5472853073835027
4732_9723,2.7447660418459776
4732_9725,2.315437092669366
4732_9726,1.8663066589305937
4732_9728,2.436643588332857
4732_9730,2.0463780681030777
4732_9733,2.717974818321654
4732_9735,1.8663066589305937
4732_9741,1.9326000405801687
4732_9742,2.0463780681030777
4732_9744,9.123028951821935
4732_9746,2.7447660418459776
4732_9766,4.993661263156006
4732_9767,1.8663066589305937
4733_9703,1.9796582834982406
4733_9704,2.7447660418459776
4733_9705,2.3472737930702685
4733_9710,2.2565833976911844
4733_9712,2.315437092669366
4733_9713,3.6506700983419895
4733_9714,2.315437092669366
4733_9715,5.1610261476568935
4733_9717,2.3928238718866903
4733_9720,5.760649781367402
4733_9721,2.436643588332857
4733_9722,5.607556183462174
4733_9723,1.9796582834982406
4733_9724,3.0481259730733266
4733_9725,2.11689913424855
4733_9726,3.6790390867043903
4733_9727,2.7922840353527145
4733_9728,4.602812092393784
4733_9729,1.9326000405801687
4733_9735,1.9326000405801687
4733_9736,3.42282051466447
4733_9737,1.9326000405801687
4733_9738,2.583393127100365
4733_9740,1.8663066589305937
4733_9741,2.5057075728794937
4733_9742,2.583393127100365
4733_9743,3.0742639787199786
4733_9744,1.9796582834982406
4733_9755,5.617821997633537
4734_9696,1.8663066589305937
4734_9698,2.436643588332857
4734_9707,1.8663066589305937
4734_9710,1.8663066589305937
4734_9714,2.3247834724371916
4734_9716,1.8663066589305937
4734_9717,4.005661691704392
4734_9720,8.856359492847103
4734_9721,5.199676750494813
4734_9723,2.5252924241680117
4734_9726,2.2581635383554213
4734_9727,2.436643588332857
4734_9729,2.436643588332857
4734_9733,1.8663066589305937
4734_9734,2.2565833976911844
4734_9735,1.8663066589305937
4734_9739,3.2591082078417144
4734_9742,2.11689913424855
4734_9754,18.74550661011935
4734_9755,2.5252924241680117
4734_9765,2.11689913424855
4734_9770,1.9326000405801687
4735_9694,1.8663066589305937
4735_9695,2.315437092669366
4735_9713,2.11689913424855
4735_9714,1.9326000405801687
4735_9715,1.9796582834982406
4735_9718,2.570690290552586
4735_9719,2.794069065927852
4735_9726,1.9796582834982406
4735_9727,2.327903208778439
4735_9729,2.5057075728794937
4735_9731,1.8663066589305937
4735_9732,1.8663066589305937
4735_9741,2.615414040323147
4735_9753,8.621218019824427
4735_9754,9.762549407626768
4735_9756,3.0071789421694404
4735_9757,1.9326000405801687
4735_9771,2.5252924241680117
4736_9694,1.9848094618218644
4736_9696,1.9326000405801687
4736_9701,1.9796582834982406
4736_9702,1.8663066589305937
4736_9708,1.8663066589305937
4736_9712,2.941793242781013
4736_9713,3.6790390867043903
4736_9714,4.37712629304069
4736_9715,3.651579270743103
4736_9718,1.8663066589305937
4736_9727,2.5057075728794937
4736_9738,1.9326000405801687
4736_9741,2.9542117993640904
4736_9752,3.6790390867043903
4736_9753,1.9326000405801687
4736_9755,4.2108535200743225
4736_9758,1.9326000405801687
4737_9694,2.2581635383554213
4737_9701,1.9848094618218644
4737_9702,1.8663066589305937
4737_9703,2.6527101574411103
4737_9705,1.9848094618218644
4737_9706,3.353302819218767
4737_9707,1.8663066589305937
4737_9708,2.331270483591726
4737_9710,2.2581635383554213
4737_9713,2.194414495100317
4737_9714,3.4814609577703086
4737_9715,1.8663066589305937
4737_9716,1.9796582834982406
4737_9717,2.470700001147604
4737_9721,1.8663066589305937
4737_9724,2.315437092669366
4737_9726,2.5057075728794937
4737_9728,2.315437092669366
4737_9739,2.3928238718866903
4737_9752,4.444590183715336
4737_9753,2.5472853073835027
4737_9755,4.302878913282998
4737_9756,2.735519615455132
4737_9767,1.9796582834982406
4737_9774,2.7447660418459776
4738_9698,3.015411021341635
4738_9700,1.9326000405801687
4738_9702,1.9796582834982406
4738_9704,1.9796582834982406
4738_9713,2.331270483591726
4738_9714,2.5252924241680117
4738_9715,1.9326000405801687
4738_9716,1.9796582834982406
4738_9718,3.0071789421694404
4738_9719,1.8663066589305937
4738_9723,2.8599556873707335
4738_9730,1.8663066589305937
4738_9732,1.8663066589305937
4738_9736,1.8663066589305937
4738_9737,2.315437092669366
4738_9739,2.3472737930702685
4738_9749,2.436643588332857
4738_9751,2.2581635383554213
4738_9752,4.031164602602953
4738_9754,2.2565833976911844
4738_9755,3.762565877277203
4738_9773,1.9326000405801687
4738_9774,5.927872282904318
4738_9776,2.8599556873707335
4738_9783,2.8063050822477695
4739_9712,1.9796582834982406
4739_9716,1.9848094618218644
4739_9718,1.9326000405801687
4739_9726,2.2565833976911844
4739_9750,2.8806811735935653
4739_9751,4.582787087748588
4739_9753,1.8663066589305937
4739_9754,7.767060806582055
4739_9755,3.376437454293106
4739_9770,2.11689913424855
4739_9778,2.2565833976911844
4739_9779,2.11689913424855
4739_9780,2.11689913424855
4739_9783,3.0012236636723326
4739_9784,2.232899896186731
4740_9710,1.9326000405801687
4740_9713,2.615414040323147
4740_9715,2.9675024708680087
4740_9716,4.060290883987227
4740_9720,1.9796582834982406
4740_9742,1.8663066589305937
4740_9748,2.6104466171914122
4740_9749,4.031164602602953
4740_9750,3.0078232325265577
4740_9751,4.020825252351129
4740_9752,3.9881332466274064
4740_9753,9.528877859885075
4740_9756,2.5057075728794937
4740_9768,1.9796582834982406
4740_9770,2.2581635383554213
4740_9771,3.015411021341635
4740_9772,2.5252924241680117
4740_9773,1.8663066589305937
4740_9778,1.9326000405801687
4740_9783,2.8599556873707335
4740_9784,3.181075460798407
4740_9785,2.3928238718866903
4740_9786,4.216029568828597
4741_9710,1.8663066589305937
4741_9711,1.9326000405801687
4741_9713,3.5035030467146187
4741_9715,2.0463780681030777
4741_9723,1.8663066589305937
4741_9726,1.8663066589305937
4741_9733,2.2581635383554213
4741_9750,4.455112157546357
4741_9751,1.8663066589305937
4741_9753,2.11689913424855
4741_9761,1.9326000405801687
4741_9773,4.459684909450927
4741_9774,3.3729458739517644
4741_9778,11.475700537463895
4741_9781,2.5057075728794937
4741_9782,1.9326000405801687
4741_9790,4.163681665170897
4742_9709,2.9673993736595397
4742_9710,3.339044534554183
4742_9711,1.8663066589305937
4742_9713,2.5472853073835027
4742_9714,2.941793242781013
4742_9715,5.652162542815597
4742_9749,9.294342383560542
4742_9750,2.315437092669366
4742_9754,1.8663066589305937
4742_9755,2.7922840353527145
4742_9761,1.8663066589305937
4742_9764,1.9796582834982406
4742_9765,3.651579270743103
4742_9773,1.9796582834982406
4742_9776,2.572101313632091
4742_9778,2.0463780681030777
4742_9779,1.8663066589305937
4742_9780,2.3928238718866903
4742_9782,1.9796582834982406
4742_9784,2.7167217019086576
4742_9785,3.42282051466447
4742_9790,3.500640284556204
4742_9801,3.5276451864564207
4742_9802,10.627180638556895
4743_9707,3.0742639787199786
4743_9708,2.3928238718866903
4743_9712,2.583393127100365
4743_9714,1.8663066589305937
4743_9715,3.394959568156669
4743_9719,2.615414040323147
4743_9722,2.3472737930702685
4743_9723,2.5057075728794937
4743_9727,1.8663066589305937
4743_9747,1.8663066589305937
4743_9748,1.9848094618218644
4743_9750,11.312479232193619
4743_9751,1.8663066589305937
4743_9752,5.693325974850726
4743_9753,4.715796795724272
4743_9755,1.9326000405801687
4743_9760,2.194414495100317
4743_9775,2.902308264516285
4743_9776,3.1904058678383533
4743_9777,2.583393127100365
4743_9778,2.436643588332857
4743_9779,2.7447660418459776
4743_9783,2.2581635383554213
4743_9784,2.4843546824139335
4743_9785,2.7922840353527145
4743_9786,3.181075460798407
4743_9789,3.67825005625714
4743_9798,6.857666925202702
4743_9799,1.8663066589305937
4743_9800,3.861881188034162
4744_9714,1.8663066589305937
4744_9715,3.5211219150672894
4744_9717,1.9848094618218644
4744_9719,6.410531175614789
4744_9723,4.284585828667367
4744_9750,10.0391216642763
4744_9751,3.490030309836523
4744_9766,2.9673993736595397
4744_9769,2.3472737930702685
4744_9771,7.955629661870569
4744_9783,1.9326000405801687
4744_9788,4.643023751549622
4744_9789,3.5629042227230334
4744_9793,2.794069065927852
4744_9796,2.7602311555511396
4744_9797,3.353302819218767
4744_9798,4.279656737915546
4745_9713,2.315437092669366
4745_9714,2.7447660418459776
4745_9715,2.3472737930702685
4745_9717,2.11689913424855
4745_9718,3.6465287796316344
4745_9719,3.3625995153627795
4745_9723,2.3928238718866903
4745_9724,6.117440542435389
4745_9725,2.925818762444457
4745_9727,1.8663066589305937
4745_9736,1.8663066589305937
4745_9737,2.470700001147604
4745_9748,1.9326000405801687
4745_9749,5.02010948362701
4745_9751,1.8663066589305937
4745_9752,9.52296358711891
4745_9753,2.615414040323147
4745_9754,4.65993945787575
4745_9755,13.23840872356512
4745_9756,4.103855162519401
4745_9764,1.8663066589305937
4745_9769,3.9545716466485965
4745_9770,7.698947590878183
4745_9771,2.11689913424855
4745_9772,2.2581635383554213
4745_9773,4.126868904305136
4745_9775,2.7447660418459776
4745_9781,2.195467219605357
4745_9785,6.298133869752121
4745_9789,1.8663066589305937
4745_9796,3.376437454293106
4745_9802,2.2565833976911844
4746_9714,7.92505813779607
4746_9716,4.764599050396625
4746_9717,2.2565833976911844
4746_9723,2.6104466171914122
4746_9724,1.8663066589305937
4746_9727,3.015411021341635
4746_9728,1.8663066589305937
4746_9729,2.11689913424855
4746_9730,2.902308264516285
4746_9749,6.123117739879755
4746_9750,2.572101313632091
4746_9753,8.218868854245732
4746_9754,2.3928238718866903
4746_9755,2.470700001147604
4746_9756,1.9326000405801687
4746_9765,3.3625995153627795
4746_9768,2.5252924241680117
4746_9769,4.9297897488354545
4746_9770,5.199676750494813
4746_9779,2.4843546824139335
4746_9782,2.5472853073835027
4746_9783,3.861881188034162
4746_9787,2.7918656505624555
4747_9711,5.406423766116894
4747_9713,2.5252924241680117
4747_9714,1.9326000405801687
4747_9715,2.794069065927852
4747_9716,1.9796582834982406
4747_9717,3.9969803147275784
4747_9722,4.1959598571499575
4747_9723,1.8663066589305937
4747_9724,6.773617987260019
4747_9728,2.917225943127945
4747_9729,2.3928238718866903
4747_9730,3.151899395406291
4747_9748,1.9796582834982406
4747_9749,2.436643588332857
4747_9753,25.166805202950425
4747_9754,4.841966091033693
4747_9758,1.9326000405801687
4747_9759,3.6949259181589365
4747_9760,3.0481259730733266
4747_9765,1.8663066589305937
4747_9769,6.127431852753376
4747_9770,1.9848094618218644
4747_9779,2.7452355490526696
4747_9780,3.4078640665792346
4747_9781,2.194414495100317
4747_9784,3.4013955912307132
4748_9711,1.8663066589305937
4748_9712,1.8663066589305937
4748_9713,2.3472737930702685
4748_9714,4.671192843774497
4748_9715,7.4916032112826
4748_9716,2.315437092669366
4748_9718,2.572101313632091
4748_9731,1.8663066589305937
4748_9734,1.8663066589305937
4748_9748,1.9796582834982406
4748_9749,2.615414040323147
4748_9759,2.4843546824139335
4748_9760,7.237502232883031
4748_9762,2.570690290552586
4748_9778,4.216029568828597
4748_9779,3.5276451864564207
4748_9784,4.013653149771913
4748_9791,2.3928238718866903
4749_9707,6.402121156020967
4749_9710,1.8663066589305937
4749_9711,2.902308264516285
4749_9717,1.8663066589305937
4749_9718,3.6059386195390606
4749_9719,2.615414040323147
4749_9723,2.2581635383554213
4749_9726,1.9848094618218644
4749_9727,2.2581635383554213
4749_9728,1.9326000405801687
4749_9730,3.339044534554183
4749_9731,4.022391442559077
4749_9746,2.2581635383554213
4749_9749,2.5472853073835027
4749_9750,1.9796582834982406
4749_9757,3.8716054801436486
4749_9761,6.68705864431809
4749_9762,2.331270483591726
4749_9768,3.1904058678383533
4749_9771,2.6527101574411103
4749_9779,2.5252924241680117
4749_9780,1.8663066589305937
4749_9782,2.2581635383554213
4749_9783,6.155229796209904
4749_9785,1.9326000405801687
4750_9710,1.9796582834982406
4750_9715,2.3472737930702685
4750_9724,3.0078232325265577
4750_9725,1.8663066589305937
4750_9726,4.882751537363672
4750_9728,1.9848094618218644
4750_9750,3.5010192770825825
4750_9751,1.8663066589305937
4750_9753,1.8663066589305937
4750_9754,3.105063407513403
4750_9755,3.3277758463350837
4750_9756,2.6229962050493194
4750_9761,4.9092742475065965
4750_9762,3.651579270743103
4750_9765,2.2565833976911844
4750_9766,2.902308264516285
4750_9767,1.8663066589305937
4750_9778,7.374998718004799
4750_9779,2.9673993736595397
4750_9781,4.020825252351129
4750_9789,5.064664524093717
4751_9707,2.2565833976911844
4751_9710,3.3277758463350837
4751_9715,3.7633237205438226
4751_9725,3.2472802334511806
4751_9726,1.9796582834982406
4751_9730,2.2565833976911844
4751_9747,2.436643588332857
4751_9749,2.7447660418459776
4751_9750,3.555728175315908
4751_9751,1.9848094618218644
4751_9753,3.5035030467146187
4751_9764,2.572101313632091
4751_9768,1.9326000405801687
4751_9771,1.8663066589305937
4752_9706,2.5057075728794937
4752_9712,3.4137755085062387
4752_9713,4.494008928073213
4752_9714,3.5212218418415335
4752_9715,3.3197989571741764
4752_9722,2.470700001147604
4752_9727,1.8663066589305937
4752_9730,2.3928238718866903
4752_9750,2.436643588332857
4752_9751,2.572101313632091
4752_9756,2.5252924241680117
4752_9759,1.9326000405801687
4752_9774,2.79199145974933
4752_9803,1.8663066589305937
4753_9709,5.0759233037118845
4753_9710,6.614165673008523
4753_9711,5.38417916942136
4753_9712,3.0083471434466307
4753_9713,5.1610261476568935
4753_9714,8.432653837548518
4753_9715,2.331270483591726
4753_9717,2.5252924241680117
4753_9718,2.4843546824139335
4753_9720,1.8663066589305937
4753_9722,5.02010948362701
4753_9724,2.11689913424855
4753_9725,3.105063407513403
4753_9726,3.225080086217289
4753_9730,1.8663066589305937
4753_9746,5.720244759322918
4753_9747,2.7447660418459776
4753_9748,2.436643588332857
4753_9749,1.8663066589305937
4753_9751,2.6229962050493194
4754_9710,2.934150484261573
4754_9711,3.0043226303491393
4754_9712,2.315437092669366
4754_9713,3.3505775180826327
4754_9716,4.2622037991693675
4754_9717,2.8806811735935653
4754_9719,2.436643588332857
4754_9720,2.2581635383554213
4754_9722,1.9326000405801687
4754_9724,2.5252924241680117
4754_9725,2.4843546824139335
4754_9726,2.2581635383554213
4754_9729,1.8663066589305937
4754_9745,1.9796582834982406
4754_9746,3.225080086217289
4754_9747,2.7922840353527145
4754_9748,3.2226458833309146
4754_9749,2.7447660418459776
4754_9750,1.9796582834982406
4754_9751,4.998785309077548
4754_9752,1.9326000405801687
4754_9755,2.3928238718866903
4754_9758,5.0332957829080005
4754_9772,3.861881188034162
4755_9711,2.7602311555511396
4755_9714,2.2581635383554213
4755_9715,3.181075460798407
4755_9719,1.8663066589305937
4755_9724,2.11689913424855
4755_9725,2.470700001147604
4755_9727,2.232899896186731
4755_9728,2.3928238718866903
4755_9730,1.9796582834982406
4755_9747,9.934766191385156
4755_9748,4.019688326471009
4755_9749,2.572101313632091
4755_9750,5.651053563186913
4755_9753,2.615414040323147
4755_9755,3.3277758463350837
4755_9759,3.73663137614703
4755_9760,4.7401971421529305
4755_9772,2.794069065927852
4756_9711,3.375879537552701
4756_9712,2.917225943127945
4756_9713,2.245376654944186
4756_9715,1.9326000405801687
4756_9717,6.8902926319625655
4756_9718,2.8177917730230813
4756_9721,1.8663066589305937
4756_9724,2.5472853073835027
4756_9725,3.0012236636723326
4756_9727,4.006120604302903
4756_9728,2.3928238718866903
4756_9742,5.414807608492059
4756_9747,1.8663066589305937
4756_9750,3.1323152860320014
4756_9751,2.470700001147604
4756_9755,3.015411021341635
4756_9774,3.078765103087633
4757_9709,1.8663066589305937
4757_9710,1.9796582834982406
4757_9712,2.615414040323147
4757_9713,4.0196987125355506
4757_9716,2.436643588332857
4757_9721,1.8663066589305937
4757_9725,2.2581635383554213
4757_9726,2.436643588332857
4757_9727,2.2581635383554213
4757_9729,2.5252924241680117
4757_9730,3.4814609577703086
4757_9750,2.570690290552586
4758_9711,1.9796582834982406
4758_9713,4.993661263156006
4758_9714,1.9796582834982406
4758_9715,1.9848094618218644
4758_9718,1.8663066589305937
4758_9720,2.0463780681030777
4758_9721,3.432242303243479
4758_9723,1.8663066589305937
4758_9724,4.661970599870142
4758_9725,2.11689913424855
4758_9729,3.1904058678383533
4758_9730,2.315437092669366
4758_9749,2.2581635383554213
4758_9750,1.8663066589305937
4758_9752,1.9796582834982406
4758_9755,1.9326000405801687
4759_9710,1.8663066589305937
4759_9712,2.194414495100317
4759_9713,1.9848094618218644
4759_9714,3.0071789421694404
4759_9715,1.8663066589305937
4759_9718,4.663836773523964
4759_9719,2.4843546824139335
4759_9720,2.0463780681030777
4759_9728,2.8806811735935653
4759_9745,3.8415774509026854
4759_9755,2.2581635383554213
4760_9710,2.941793242781013
4760_9712,2.2581635383554213
4760_9713,3.4078640665792346
4760_9714,1.9326000405801687
4760_9716,8.75483954520771
4760_9718,7.185590640998769
4760_9720,3.499904775856773
4760_9721,3.8513868553126516
4760_9722,4.419318800397499
4760_9745,5.341411850500666
4760_9746,3.429812443120747
4760_9750,2.3928238718866903
4761_9710,1.9326000405801687
4761_9713,2.2148991788110575
4761_9719,3.555728175315908
4761_9720,4.357579525654141
4761_9724,1.8663066589305937
4761_9726,2.11689913424855
4761_9727,3.5010192770825825
4761_9728,2.4843546824139335
4761_9745,1.8663066589305937
4761_9749,3.0071789421694404
4762_9708,3.0929879919078025
4762_9710,2.8599556873707335
4762_9711,2.7602311555511396
4762_9725,2.315437092669366
4762_9727,3.9670914335495353
4762_9749,3.288128807217414
4762_9752,3.500640284556204
4762_9755,9.364644503227288
4762_9756,2.902308264516285
4763_9709,3.523599707705628
4763_9716,1.8663066589305937
4763_9751,2.8806811735935653
4763_9753,2.2148991788110575
4764_9707,2.436643588332857
4764_9713,4.478166258740714
4764_9726,3.967876326263391
4764_9753,1.9326000405801687
4764_9755,1.8663066589305937
4765_9717,1.9326000405801687
4766_9714,3.151899395406291
4766_9717,1.9326000405801687
4767_9717,1.8663066589305937
4767_9756,1.9848094618218644
4768_9718,1.8663066589305937
4768_9719,2.11689913424855
4768_9754,1.9326000405801687
4769_9714,1.9796582834982406
4770_9712,2.315437092669366
4770_9713,1.8663066589305937
4770_9720,3.3017299482494398
4771_9716,2.327903208778439
4778_9711,3.4793450107948685
4779_9709,4.902160322973361
4779_9710,2.2581635383554213
4780_9710,2.2581635383554213
4782_9711,3.82905448041861
4783_9711,15.35804580489912
4784_9715,1.9326000405801687
4784_9716,3.470082075706482
4784_9717,1.9326000405801687
4784_9718,2.327903208778439
4784_9721,1.8663066589305937
4785_9712,3.8901186548149616
4785_9715,2.5057075728794937
4786_9714,3.222433832719142
4786_9715,2.3247834724371916
4786_9717,2.327903208778439
4786_9720,1.9796582834982406
4787_9713,2.2565833976911844
4787_9714,2.9675024708680087
4787_9715,15.412469726387036
4788_9719,2.8177917730230813
4788_9732,3.490030309836523
4788_9734,2.5472853073835027
4788_9735,6.93434704763354
4789_9714,5.822325515371636
4789_9715,3.369222102539856
4789_9716,1.9326000405801687
4789_9719,2.5252924241680117
4789_9721,3.864530380805382
4789_9724,3.0279967405091166
4789_9730,3.046804376931347
4789_9731,12.604440382904743
4789_9734,9.596870096102489
4789_9736,2.9675024708680087
4789_9810,1.9326000405801687
4790_9714,3.458090308505955
4790_9718,2.331270483591726
4790_9719,3.6465287796316344
4790_9720,4.988913986480788
4790_9722,2.941793242781013
4790_9723,2.7922840353527145
4790_9731,3.802298707495048
4790_9732,4.397209539588449
4790_9733,2.5472853073835027
4790_9734,2.572101313632091
4791_9705,1.8663066589305937
4791_9714,2.2581635383554213
4791_9715,6.963052388147537
4791_9718,3.5211219150672894
4791_9719,3.476639711266067
4791_9720,7.711477104671767
4791_9728,1.8663066589305937
4791_9733,4.455112157546357
4791_9810,1.8663066589305937
4792_9707,2.2581635383554213
4792_9708,1.8663066589305937
4792_9713,4.853044846617586
4792_9714,4.420163960328165
4792_9715,13.78832863508171
4792_9716,5.620483411340275
4792_9717,2.436643588332857
4792_9718,2.934150484261573
4792_9719,8.005773770826206
4792_9722,3.5853649788899102
4792_9723,9.94745020716559
4792_9725,20.476343075432986
4792_9726,6.734418619898621
4792_9732,3.507259393894116
4792_9734,10.345407212426434
4792_9735,5.342508725199827
4792_9810,1.8663066589305937
4793_9701,2.2581635383554213
4793_9711,2.5252924241680117
4793_9714,6.883724929572033
4793_9715,13.879394804194607
4793_9716,5.035872242500254
4793_9717,3.7919697033434008
4793_9718,9.538188292408337
4793_9719,5.971274073633101
4793_9724,2.3247834724371916
4793_9726,3.5211219150672894
4793_9730,30.432834541046542
4793_9806,1.8663066589305937
4793_9811,1.8663066589305937
4793_9812,2.331270483591726
4794_9701,7.280123604327761
4794_9702,4.661930489424815
4794_9703,7.73577403554891
4794_9704,6.208072510574746
4794_9708,3.562813743162703
4794_9709,4.391148000319884
4794_9710,2.5472853073835027
4794_9711,3.2872107255498135
4794_9714,5.952308507486547
4794_9715,1.8663066589305937
4794_9716,3.9078663008687773
4794_9717,4.713061815798113
4794_9718,10.618075845061108
4794_9719,1.8663066589305937
4794_9720,3.199837860248164
4794_9724,2.327903208778439
4794_9725,5.736505023777275
4794_9727,4.332239127798752
4794_9728,4.972870008535522
4794_9734,1.9326000405801687
4794_9737,3.181075460798407
4794_9738,3.9019930049089537
4794_9739,2.7944300270046227
4794_9804,3.078765103087633
4794_9805,1.9796582834982406
4794_9806,2.11689913424855
4795_9701,3.078765103087633
4795_9702,4.143474018219141
4795_9703,3.2226458833309146
4795_9706,1.9796582834982406
4795_9707,2.2565833976911844
4795_9709,1.9796582834982406
4795_9711,2.7447660418459776
4795_9712,9.406834233050287
4795_9714,3.1323152860320014
4795_9717,2.615414040323147
4795_9718,1.8663066589305937
4795_9720,3.5787629881238825
4795_9723,2.3472737930702685
4795_9724,4.503971666366572
4795_9728,3.0012236636723326
4795_9729,13.838739623526362
4795_9736,10.634627019577767
4795_9737,2.436643588332857
4795_9738,8.022169753662372
4795_9804,2.436643588332857
4795_9818,1.8663066589305937
4796_9705,4.216029568828597
4796_9706,15.248568523446286
4796_9707,3.42282051466447
4796_9708,3.864530380805382
4796_9710,2.615414040323147
4796_9711,4.115356342804182
4796_9712,1.9796582834982406
4796_9714,2.9675024708680087
4796_9716,3.5619252669774535
4796_9719,11.12075644852465
4796_9720,3.0279967405091166
4796_9723,5.396241810204342
4796_9728,3.3183175900622577
4796_9735,2.7944300270046227
4796_9802,1.9796582834982406
4796_9806,3.482145671318955
4796_9807,2.3928238718866903
4797_9704,1.9796582834982406
4797_9705,5.329522758279748
4797_9706,2.195467219605357
4797_9707,4.013653149771913
4797_9708,7.7839785325765645
4797_9709,4.856208359389305
4797_9710,10.389936354917461
4797_9711,5.573087530404801
4797_9713,3.0078232325265577
4797_9715,3.76379879668427
4797_9719,23.501775406669914
4797_9721,2.0463780681030777
4797_9724,3.499904775856773
4797_9726,3.5211219150672894
4797_9728,1.8663066589305937
4797_9730,3.432242303243479
4797_9732,4.266173646559273
4797_9733,2.327903208778439
4797_9735,13.601257513782132
4797_9806,1.8663066589305937
4797_9807,1.9326000405801687
4798_9704,3.3277758463350837
4798_9706,5.0185663241785745
4798_9708,14.883018759386472
4798_9709,10.000883168277767
4798_9710,4.39867042484795
4798_9714,2.327903208778439
4798_9715,2.7447660418459776
4798_9716,2.315437092669366
4798_9719,4.899830811186335
4798_9723,27.834788427860875
4798_9724,3.5909528325049003
4798_9725,2.9673993736595397
4798_9728,2.194414495100317
4798_9735,3.5974228366433856
4798_9736,9.438761634193648
4798_9737,8.738674774042035
4798_9805,2.2565833976911844
4798_9807,2.2581635383554213
4798_9810,2.470700001147604
4799_9705,3.078765103087633
4799_9706,2.327903208778439
4799_9707,11.908430075331124
4799_9708,8.064661556604463
4799_9709,3.2235778609282932
4799_9710,2.917225943127945
4799_9713,3.078765103087633
4799_9714,1.8663066589305937
4799_9716,10.015992407256125
4799_9721,3.015411021341635
4799_9722,1.9326000405801687
4799_9724,1.9796582834982406
4799_9725,1.8663066589305937
4799_9727,1.9326000405801687
4799_9728,2.470700001147604
4799_9729,13.217805020811705
4799_9736,27.64031918853974
4799_9737,3.2472802334511806
4799_9806,1.8663066589305937
4799_9807,1.8663066589305937
4799_9808,3.2226458833309146
4799_9809,2.5252924241680117
4799_9811,2.5252924241680117
4799_9813,2.436643588332857
4799_9815,1.9326000405801687
4799_9816,6.616966594576548
4800_9707,3.27621115327046
4800_9714,1.9796582834982406
4800_9723,2.3247834724371916
4800_9724,4.5439380755899315
4800_9725,2.4843546824139335
4800_9734,3.105063407513403
4800_9735,2.5472853073835027
4800_9736,5.006350458471928
4800_9737,3.9670914335495353
4800_9738,3.225080086217289
4800_9805,2.11689913424855
4800_9814,4.947537575032422
4800_9816,2.327903208778439
4800_9820,2.0463780681030777
4801_9715,1.9796582834982406
4801_9718,2.583393127100365
4801_9720,2.3928238718866903
4801_9722,1.8663066589305937
4801_9730,4.7400872598785755
4801_9731,3.5348521556406407
4801_9733,4.284585828667367
4801_9735,5.290218398341821
4801_9810,2.3928238718866903
4801_9811,1.8663066589305937
4802_9721,1.8663066589305937
4802_9723,2.327903208778439
4802_9729,3.4424339050233836
4802_9730,3.4137755085062387
4802_9805,1.8663066589305937
4802_9818,2.3472737930702685
4802_9822,1.9796582834982406
4803_9713,1.9848094618218644
4803_9717,2.470700001147604
4803_9718,2.3928238718866903
4803_9721,2.7447660418459776
4803_9724,13.422390466095484
4803_9726,3.967876326263391
4803_9727,3.4769922419910193
4803_9728,3.225080086217289
4803_9730,23.773663003780733
4803_9817,2.2565833976911844
4803_9818,1.9796582834982406
4803_9822,1.9326000405801687
4803_9823,1.8663066589305937
4804_9715,1.9796582834982406
4804_9718,2.2581635383554213
4804_9721,10.673261874612622
4804_9722,4.0196987125355506
4804_9724,8.317610502123983
4804_9726,3.482145671318955
4804_9727,2.6104466171914122
4804_9728,8.942508655265824
4804_9729,7.71043402304826
4804_9814,7.8103389780784935
4804_9818,1.9326000405801687
4804_9819,2.3928238718866903
4805_9719,2.2581635383554213
4805_9723,2.941793242781013
4805_9724,33.129110874930554
4805_9725,6.290225442139982
4805_9727,2.941793242781013
4805_9785,1.8663066589305937
4805_9805,3.181075460798407
4805_9816,3.72896175647337
4805_9819,2.572101313632091
4806_9719,7.4845347036707155
4806_9720,2.2581635383554213
4806_9721,1.9796582834982406
4806_9723,2.470700001147604
4806_9724,2.925818762444457
4806_9725,6.4271291626736
4806_9726,2.2581635383554213
4806_9727,7.933808503836179
4806_9731,1.9326000405801687
4806_9785,1.9326000405801687
4806_9798,2.436643588332857
4806_9799,2.2581635383554213
4806_9800,1.9848094618218644
4806_9805,2.11689913424855
4806_9808,2.8599556873707335
4806_9810,2.7447660418459776
4806_9814,6.23508050193845
4807_9720,1.9326000405801687
4807_9721,10.131319500751916
4807_9722,45.38140779275629
4807_9725,3.3505775180826327
4807_9727,3.353302819218767
4807_9733,3.3625995153627795
4807_9798,2.436643588332857
4807_9801,2.2581635383554213
4807_9803,1.8663066589305937
4807_9807,2.470700001147604
4807_9808,1.9848094618218644
4807_9810,2.5252924241680117
4807_9811,2.3247834724371916
4807_9815,2.925818762444457
4808_9717,2.570690290552586
4808_9719,1.9326000405801687
4808_9724,9.246640079242933
4808_9727,1.9796582834982406
4808_9729,3.432242303243479
4808_9786,2.2581635383554213
4808_9798,2.0463780681030777
4808_9802,2.5057075728794937
4808_9805,1.9848094618218644
4808_9811,2.2565833976911844
4809_9723,2.470700001147604
4809_9808,1.8663066589305937
4809_9813,1.9796582834982406
4810_9721,1.9326000405801687
4810_9799,2.245376654944186
4810_9812,2.436643588332857
4811_9718,1.9796582834982406
4811_9791,2.2581635383554213
4811_9795,2.470700001147604
4811_9797,1.8663066589305937
4811_9799,5.400570835617249
4811_9800,1.8663066589305937
4811_9808,2.902308264516285
4811_9809,3.960722005958989
4811_9811,2.6104466171914122
4812_9729,1.9326000405801687
4812_9788,1.9848094618218644
4812_9796,1.8663066589305937
4812_9803,2.9675024708680087
4812_9806,5.426952084726124
4812_9810,2.2581635383554213
4813_9731,2.6527101574411103
4813_9788,1.8663066589305937
4813_9805,3.1904058678383533
4813_9806,1.8663066589305937
4813_9807,4.019688326471009
4813_9811,1.9796582834982406
4813_9813,2.327903208778439
4814_9728,3.9880373086663696
4814_9729,2.7922840353527145
4814_9805,9.528611752110281
4814_9806,4.419318800397499
4815_9716,1.8663066589305937
4815_9726,3.482145671318955
4815_9729,2.2581635383554213
4815_9804,2.7726740865628328
4815_9805,2.3928238718866903
4815_9806,1.8663066589305937
4816_9727,2.331270483591726
4817_9791,1.8663066589305937
4817_9802,1.8663066589305937
4818_9726,3.0078232325265577
4818_9727,1.9796582834982406
4819_9727,2.11689913424855
4819_9795,4.216029568828597
4821_9729,3.9078663008687773
4822_9722,1.9796582834982406
4823_9728,1.8663066589305937
4824_9724,2.925818762444457
4825_9728,2.470700001147604
4825_9729,3.4064268469471926
4826_9723,1.9848094618218644
4826_9728,2.570690290552586
4826_9729,2.8599556873707335
4826_9731,1.9796582834982406
4826_9798,3.5212218418415335
4827_9723,1.9796582834982406
4827_9724,2.2581635383554213
4827_9726,2.2581635383554213
4827_9728,2.7447660418459776
4827_9729,2.7602311555511396
4828_9719,2.5057075728794937
4828_9731,1.8663066589305937
4828_9800,1.8663066589305937
4829_9713,3.147282748945491
4829_9722,1.8663066589305937
4829_9725,5.282485060084504
4829_9729,2.583393127100365
4829_9740,3.523599707705628
4829_9741,2.7128877333720904
4829_9743,1.8663066589305937
4830_9712,7.574192824769128
4830_9723,2.893844819767772
4830_9738,3.3505775180826327
4830_9739,2.315437092669366
4830_9740,3.470082075706482
4830_9741,2.2581635383554213
4831_9711,1.8663066589305937
4831_9713,2.245376654944186
4831_9719,3.181075460798407
4831_9720,5.86430158055866
4831_9721,3.0071789421694404
4831_9722,2.7922840353527145
4831_9727,2.7447660418459776
4831_9728,2.717974818321654
4831_9731,2.7447660418459776
4831_9742,2.436643588332857
4832_9711,2.11689913424855
4832_9712,3.0078232325265577
4832_9715,2.3247834724371916
4832_9717,1.8663066589305937
4832_9719,5.904274689052388
4832_9720,5.424361066119853
4832_9721,3.9581174286645195
4832_9724,1.8663066589305937
4832_9728,3.77619641989699
4832_9730,1.9796582834982406
4832_9738,2.2565833976911844
4832_9739,2.232899896186731
4832_9741,1.8663066589305937
4832_9744,2.11689913424855
4833_9711,1.8663066589305937
4833_9712,1.9326000405801687
4833_9713,2.2565833976911844
4833_9714,4.124800547505848
4833_9719,1.9326000405801687
4833_9723,3.151899395406291
4833_9724,1.8663066589305937
4833_9729,3.3183175900622577
4833_9738,2.8599556873707335
4833_9739,2.232899896186731
4833_9740,1.9796582834982406
4834_9711,2.4843546824139335
4834_9715,2.2565833976911844
4834_9717,4.006120604302903
4834_9719,2.436643588332857
4834_9721,1.9796582834982406
4834_9722,2.2581635383554213
4834_9729,2.3247834724371916
4834_9731,3.2226458833309146
4834_9736,3.4013955912307132
4834_9737,1.8663066589305937
4834_9739,2.8177917730230813
4834_9740,1.9796582834982406
4834_9743,1.8663066589305937
4835_9713,2.7167217019086576
4835_9716,2.902308264516285
4835_9721,1.8663066589305937
4835_9724,1.9796582834982406
4835_9728,1.9326000405801687
4835_9736,4.126868904305136
4835_9737,2.11689913424855
4836_9715,1.9326000405801687
4836_9725,4.341435897466973
4836_9726,1.8663066589305937
4836_9727,4.006120604302903
4836_9729,2.9675024708680087
4836_9735,4.013653149771913
4836_9736,4.503971666366572
4836_9737,4.124800547505848
4836_9738,2.331270483591726
4836_9739,7.615032222276701
4836_9753,1.8663066589305937
4837_9710,2.9675024708680087
4837_9715,2.0463780681030777
4837_9719,1.9848094618218644
4837_9728,2.2581635383554213
4837_9732,2.8063050822477695
4837_9735,6.516241016900708
4837_9738,2.2581635383554213
4838_9715,1.9326000405801687
4838_9718,1.9796582834982406
4838_9719,2.7447660418459776
4838_9720,2.2565833976911844
4838_9722,2.583393127100365
4838_9735,7.395397667424615
4838_9737,1.8663066589305937
4838_9742,1.9326000405801687
4839_9709,1.8663066589305937
4839_9724,1.9796582834982406
4839_9726,2.327903208778439
4839_9733,2.9542117993640904
4839_9738,4.0738241684666505
4839_9742,1.8663066589305937
4839_9743,2.917225943127945
4840_9710,1.8663066589305937
4840_9714,1.8663066589305937
4840_9724,1.8663066589305937
4840_9738,2.5057075728794937
4840_9741,3.181075460798407
4840_9742,2.2581635383554213
4840_9743,2.11689913424855
4840_9744,1.8663066589305937
4840_9752,2.194414495100317
4840_9754,1.9848094618218644
4841_9710,1.9848094618218644
4841_9712,3.3277758463350837
4841_9714,3.2472802334511806
4841_9738,1.9796582834982406
4841_9744,1.8663066589305937
4841_9745,3.3340643099096647
4842_9709,2.6104466171914122
4842_9716,2.615414040323147
4842_9717,2.327903208778439
4842_9719,2.794069065927852
4842_9720,3.078765103087633
4842_9751,2.5252924241680117
4843_9716,2.902308264516285
4843_9717,6.975226231147513
4843_9719,4.429377428778136
4843_9721,1.8663066589305937
4843_9738,2.902308264516285
4843_9739,1.8663066589305937
4843_9741,1.9796582834982406
4843_9750,2.2565833976911844
4843_9753,2.2565833976911844
4844_9738,2.852548785802879
4844_9741,1.8663066589305937
4845_9718,1.8663066589305937
4845_9719,3.181075460798407
4845_9720,2.2581635383554213
4846_9718,1.8663066589305937
4846_9719,2.794069065927852
4846_9720,5.037136331150967
4847_9721,2.3928238718866903
4847_9756,1.9326000405801687
4847_9757,1.8663066589305937
4848_9716,2.3247834724371916
4848_9717,3.30052157668432
4848_9718,3.190751555094252
4848_9719,1.8663066589305937
4848_9720,3.3505775180826327
4848_9721,1.8663066589305937
4848_9751,2.5057075728794937
4849_9721,1.9796582834982406
4849_9759,1.8663066589305937
4850_9758,2.917225943127945
4851_9754,3.181075460798407
4852_9759,3.4213642039898793
4854_9750,2.3472737930702685
4854_9763,1.9796582834982406
4855_9758,4.94742653145095
4855_9759,3.555728175315908
4855_9762,1.9326000405801687
4857_9754,2.7447660418459776
4857_9759,1.8663066589305937
4858_9755,1.8663066589305937
4858_9757,2.2581635383554213
